Date,Asset_Sector,Market,Closing_Price,Daily_Return,Trading_Volume,Sentiment_Score,Engagement_Index,Investment_Risk,Year,Month,Positive_Return
2023-01-01,Technology,US,84.67,0.030798391932103254,121331.0,-0.148,16.9,Medium,2023,2023-01,True
2023-01-01,Healthcare,US,78.99,0.012451309139527897,291925.0,0.334,44.2,Medium,2023,2023-01,True
2023-01-02,Finance,US,102.23,-0.02612437973278657,124922.0,0.159,55.3,Low,2023,2023-01,False
2023-01-02,Technology,Asia,146.76,0.003408287774926393,164290.0,-0.245,34.1,Medium,2023,2023-01,True
2023-01-02,Energy,Europe,90.93,-0.01597851806350676,998281.0,0.364,66.0,Medium,2023,2023-01,False
2023-01-04,Energy,Asia,270.23,0.010014300847534945,166910.0,0.248,37.7,Medium,2023,2023-01,True
2023-01-04,Consumer,US,123.16,-0.01416646609778777,275227.0,0.378,50.1,High,2023,2023-01,False
2023-01-05,Technology,Europe,65.26,0.017311813314999477,501018.0,-0.266,34.7,Medium,2023,2023-01,True
2023-01-05,Energy,Europe,84.97,0.003378118825725184,1446923.0,-0.037,44.1,Medium,2023,2023-01,True
2023-01-06,Consumer,US,117.33,0.013188519840373229,171717.0,0.266,45.8,Low,2023,2023-01,True
2023-01-07,Finance,Asia,48.73,0.034299608028246706,96132.0,-0.063,47.4,High,2023,2023-01,True
2023-01-07,Finance,US,181.85,-0.004010299970369355,1431008.0,-0.44,52.2,Medium,2023,2023-01,False
2023-01-07,Finance,US,86.16,-0.007074732634523953,547155.0,-0.147,57.8,High,2023,2023-01,False
2023-01-08,Consumer,US,61.47,0.013709484061036472,996383.0,-0.008,31.5,Low,2023,2023-01,True
2023-01-09,Healthcare,US,100.69,0.004217122738340428,2166856.0,-0.102,66.3,High,2023,2023-01,True
2023-01-09,Technology,US,272.5,-0.004585310995617331,319686.0,0.284,44.4,Medium,2023,2023-01,False
2023-01-09,Consumer,US,499.6,0.0081920699655477,1518400.0,-0.398,44.5,Medium,2023,2023-01,True
2023-01-10,Technology,US,154.22,0.017722956941697305,305576.0,-0.147,38.0,Medium,2023,2023-01,True
2023-01-10,Technology,Asia,199.33,0.01714461764554251,2032248.0,0.622,54.7,Medium,2023,2023-01,True
2023-01-10,Technology,Asia,71.45,-0.008221892263101757,237758.0,-0.259,34.9,Medium,2023,2023-01,False
2023-01-11,Energy,Europe,88.44,0.02265907491016009,284761.0,-0.034,43.1,Medium,2023,2023-01,True
2023-01-12,Finance,Europe,137.15,-0.005098371650379465,604371.0,0.113,71.8,High,2023,2023-01,False
2023-01-13,Technology,US,40.71,0.0004290541443290308,289343.0,-0.058,54.1,High,2023,2023-01,True
2023-01-14,Consumer,US,28.31,-0.005380417792124431,2551001.0,-0.016,30.7,High,2023,2023-01,False
2023-01-15,Consumer,US,84.06,0.0005979128901538507,634951.0,0.3,74.9,High,2023,2023-01,True
2023-01-16,Energy,Europe,56.09,0.036283442639281335,228074.0,0.057,58.1,Low,2023,2023-01,True
2023-01-17,Consumer,US,64.11,0.017338376240083313,96336.0,0.093,58.0,Medium,2023,2023-01,True
2023-01-17,Energy,Asia,72.98,-0.004967738456223174,366764.0,-0.088,60.5,Low,2023,2023-01,False
2023-01-17,Healthcare,US,58.76,0.010225943297450366,209421.0,0.648,60.8,Low,2023,2023-01,True
2023-01-17,Consumer,Europe,285.7,-0.019679105119842295,758053.0,-0.17,41.6,Medium,2023,2023-01,False
2023-01-17,Technology,US,138.88,0.026882548899082315,149261.0,0.326,56.9,Medium,2023,2023-01,True
2023-01-18,Consumer,Europe,39.19,-0.05754735583416999,398304.0,-0.394,44.8,High,2023,2023-01,False
2023-01-18,Technology,US,90.93,-0.007223810597054187,735435.0,0.711,79.7,Medium,2023,2023-01,False
2023-01-18,Technology,Europe,262.49,-0.017353789430825654,365410.0,-0.625,51.2,Medium,2023,2023-01,False
2023-01-19,Consumer,US,53.82,-0.013669544158792006,187898.0,-0.59,14.8,Medium,2023,2023-01,False
2023-01-21,Healthcare,US,280.25,-0.017159594186483402,293455.0,-0.031,67.7,Low,2023,2023-01,False
2023-01-22,Healthcare,Asia,79.47,0.008744458579684682,185586.0,-0.38,42.2,High,2023,2023-01,True
2023-01-24,Healthcare,Asia,213.59,-0.004366135248010469,445046.0,0.393,59.2,High,2023,2023-01,False
2023-01-25,Healthcare,US,41.83,0.026549470574412645,236700.0,-0.393,35.4,Low,2023,2023-01,True
2023-01-25,Technology,Europe,195.08,-0.0003080495446107956,148804.0,-0.941,40.1,Medium,2023,2023-01,False
2023-01-25,Finance,US,117.57,-0.0035180915858435743,428864.0,-0.12,40.1,Low,2023,2023-01,False
2023-01-26,Energy,Europe,56.26,-0.03834989132682968,721903.0,0.773,57.0,Low,2023,2023-01,False
2023-01-26,Healthcare,US,111.53,-0.017565071817269816,973580.0,-0.168,44.9,Medium,2023,2023-01,False
2023-01-26,Technology,US,43.66,0.02238336602316612,444360.0,0.54,65.8,Medium,2023,2023-01,True
2023-01-28,Finance,US,125.9,0.024348349505291092,266749.0,0.001,53.0,Medium,2023,2023-01,True
2023-01-28,Healthcare,US,144.11,0.005772245015381473,2580386.0,-0.49,27.3,High,2023,2023-01,True
2023-01-28,Energy,US,86.82,-0.011189790761033235,258652.0,-0.204,29.9,Medium,2023,2023-01,False
2023-01-28,Healthcare,Europe,185.63,0.01181763508586897,833540.0,0.36,52.3,Low,2023,2023-01,True
2023-01-30,Finance,US,81.77,0.006718577294583635,944322.0,0.289,53.4,Medium,2023,2023-01,True
2023-01-30,Technology,US,108.64,0.04246148408227382,422657.0,-0.103,47.2,Medium,2023,2023-01,True
2023-01-31,Energy,US,50.33,0.016075791322633218,512447.0,-0.038,63.7,Medium,2023,2023-01,True
2023-02-01,Technology,US,109.26,0.04069935123150771,415948.0,-0.043,55.4,Low,2023,2023-02,True
2023-02-02,Healthcare,US,108.07,0.04183004280254542,309118.0,0.055,22.6,Medium,2023,2023-02,True
2023-02-03,Consumer,Europe,94.41,0.028532671562393093,181222.0,0.149,44.3,Low,2023,2023-02,True
2023-02-04,Technology,US,68.86,-0.02920279758844251,242955.0,-0.759,24.1,Low,2023,2023-02,False
2023-02-04,Technology,US,159.05,-0.03712704676583969,764920.0,0.405,74.1,Low,2023,2023-02,False
2023-02-05,Energy,Asia,57.11,0.0056775749373978454,612749.0,-0.024,26.3,Medium,2023,2023-02,True
2023-02-05,Technology,US,68.17,0.020823366964725774,704845.0,0.015,58.0,Medium,2023,2023-02,True
2023-02-06,Finance,US,173.51,0.02500050927185081,1374598.0,0.515,78.5,Low,2023,2023-02,True
2023-02-06,Finance,Europe,174.3,-0.008854834237868625,318898.0,0.101,56.2,Low,2023,2023-02,False
2023-02-07,Energy,US,49.41,-0.004033497982113661,2363341.0,0.351,73.9,Low,2023,2023-02,False
2023-02-07,Energy,US,49.35,-0.012366983348579299,291165.0,0.148,36.2,Medium,2023,2023-02,False
2023-02-08,Finance,Europe,59.96,0.012091352910736828,361742.0,-0.607,41.0,Medium,2023,2023-02,True
2023-02-09,Consumer,US,62.17,0.02492677793489845,292315.0,1.0,78.9,Low,2023,2023-02,True
2023-02-10,Healthcare,US,177.74,-0.012399276676597126,460762.0,-0.18,47.2,Medium,2023,2023-02,False
2023-02-11,Technology,US,165.12,0.005359770112337508,879469.0,-0.193,32.5,Low,2023,2023-02,True
2023-02-11,Technology,US,55.23,-0.014783807306889434,359188.0,-0.342,46.4,High,2023,2023-02,False
2023-02-12,Finance,US,130.06,0.0009585066916708827,792739.0,0.577,59.7,Medium,2023,2023-02,True
2023-02-13,Energy,Europe,48.62,0.006238944448898771,554488.0,0.064,53.4,Low,2023,2023-02,True
2023-02-13,Finance,Europe,111.42,-0.0010597664945043639,257786.0,0.074,64.0,Medium,2023,2023-02,False
2023-02-14,Energy,Asia,83.63,-0.007861601796477463,531053.0,0.534,79.9,Medium,2023,2023-02,False
2023-02-14,Healthcare,US,307.97,-0.012513597481170159,535656.0,0.411,67.4,Low,2023,2023-02,False
2023-02-17,Finance,Europe,117.24,0.0055334434918531275,212172.0,0.157,60.7,High,2023,2023-02,True
2023-02-17,Consumer,US,50.13,0.020231695164488753,584509.0,-0.614,46.7,Low,2023,2023-02,True
2023-02-17,Finance,US,117.81,0.037168911090118634,660504.0,0.238,55.0,Medium,2023,2023-02,True
2023-02-18,Healthcare,Asia,69.91,-0.02559048843543227,812489.0,-0.201,15.2,Medium,2023,2023-02,False
2023-02-19,Energy,Europe,81.57,0.007084797782704125,355239.0,-0.352,42.7,High,2023,2023-02,True
2023-02-20,Energy,US,166.95,-0.004168413716894836,287682.0,-0.142,55.6,Medium,2023,2023-02,False
2023-02-21,Energy,Europe,44.12,0.0264352414126097,222128.0,-0.36,21.6,Low,2023,2023-02,True
2023-02-22,Consumer,Europe,124.33,0.017814305157499547,471320.0,0.144,57.7,High,2023,2023-02,True
2023-02-24,Technology,US,37.29,0.0200470980205166,249008.0,0.505,73.0,Medium,2023,2023-02,True
2023-02-25,Healthcare,US,76.76,-0.03006503191134474,1294592.0,-0.364,60.1,High,2023,2023-02,False
2023-02-26,Energy,Europe,73.16,-0.009178615280746778,346662.0,0.088,80.4,High,2023,2023-02,False
2023-02-28,Consumer,US,77.3,0.006626820041197039,588525.0,0.265,60.4,Medium,2023,2023-02,True
2023-03-03,Energy,US,318.11,-0.014475703516968533,614390.0,-0.364,37.9,Low,2023,2023-03,False
2023-03-04,Technology,US,137.21,-0.02649289128776082,442411.0,-0.029,61.5,Medium,2023,2023-03,False
2023-03-05,Finance,Europe,74.74,0.004720496924861811,226316.0,0.951,76.5,Low,2023,2023-03,True
2023-03-05,Finance,US,306.44,0.00385488191086122,1971772.0,0.007,54.4,Low,2023,2023-03,True
2023-03-05,Energy,US,302.46,-0.014979535301737578,550659.0,-0.002,38.6,High,2023,2023-03,False
2023-03-06,Finance,US,98.22,-0.0008839966132629191,256064.0,-0.365,40.1,Medium,2023,2023-03,False
2023-03-06,Energy,US,145.98,0.012759740306905182,505909.0,0.539,58.5,Low,2023,2023-03,True
2023-03-07,Finance,US,137.61,0.017893832633375437,537249.0,0.112,67.1,Medium,2023,2023-03,True
2023-03-07,Consumer,Asia,63.79,0.0036409412137558867,423565.0,-0.43,38.8,High,2023,2023-03,True
2023-03-07,Healthcare,Europe,274.22,0.004039334075187886,846771.0,0.432,47.8,Medium,2023,2023-03,True
2023-03-07,Consumer,Europe,97.9,-0.03396870202451714,386597.0,0.432,75.3,Medium,2023,2023-03,False
2023-03-09,Finance,US,208.23,-0.007997207408467549,171270.0,-0.45,40.4,Medium,2023,2023-03,False
2023-03-09,Energy,Asia,81.25,-0.02070068251393825,1843726.0,0.107,51.6,Low,2023,2023-03,False
2023-03-11,Healthcare,Asia,67.58,0.018859807013033712,476293.0,-0.099,55.4,Medium,2023,2023-03,True
2023-03-12,Consumer,US,74.15,-0.03087314737967953,387407.0,0.408,47.6,Low,2023,2023-03,False
2023-03-12,Energy,US,228.68,0.014164387491128094,850191.0,-0.016,34.3,Medium,2023,2023-03,True
2023-03-13,Consumer,Asia,62.52,-0.007999420789742372,284046.0,-0.414,52.9,Medium,2023,2023-03,False
2023-03-15,Energy,Europe,149.1,0.01675742444857924,644828.0,0.028,46.3,Medium,2023,2023-03,True
2023-03-16,Healthcare,US,143.31,0.0009840904746546118,515124.0,-0.273,42.2,Low,2023,2023-03,True
2023-03-16,Consumer,Asia,85.32,-0.015596443382427464,192724.0,0.153,63.9,High,2023,2023-03,False
2023-03-16,Consumer,US,124.95,-0.006399753629449833,859606.0,0.657,69.5,Low,2023,2023-03,False
2023-03-16,Energy,Europe,134.58,0.012313381796547613,1278752.0,0.504,63.8,High,2023,2023-03,True
2023-03-16,Consumer,US,92.78,-0.028126654899498893,389355.0,0.291,41.8,High,2023,2023-03,False
2023-03-19,Energy,US,177.76,-0.00982265991810267,728020.0,0.042,53.5,Medium,2023,2023-03,False
2023-03-19,Technology,US,58.9,-0.018144766852326848,389465.0,-0.332,59.7,High,2023,2023-03,False
2023-03-19,Energy,Europe,93.94,-0.001406230208021626,672564.0,0.06,47.9,Low,2023,2023-03,False
2023-03-19,Consumer,US,58.44,0.030799503620550547,1028602.0,0.384,70.7,Medium,2023,2023-03,True
2023-03-20,Finance,US,224.43,-0.0178120742223058,106599.0,-0.254,51.0,Medium,2023,2023-03,False
2023-03-22,Finance,Asia,142.06,-0.019278553906514756,867256.0,-0.519,46.0,Low,2023,2023-03,False
2023-03-24,Healthcare,US,114.58,0.01659440468779499,566647.0,0.514,42.7,Low,2023,2023-03,True
2023-03-24,Consumer,Europe,152.11,0.019120678960842276,471683.0,-0.003,63.1,Low,2023,2023-03,True
2023-03-25,Finance,US,156.17,0.006571689695151854,605285.0,0.195,51.2,Medium,2023,2023-03,True
2023-03-26,Finance,US,193.73,-0.037440562628084616,267545.0,0.631,73.5,High,2023,2023-03,False
2023-03-26,Technology,US,149.74,0.02205705626283241,925368.0,-0.304,35.1,Medium,2023,2023-03,True
2023-03-26,Energy,US,81.39,-0.01243988270194217,332452.0,-0.245,44.5,High,2023,2023-03,False
2023-03-26,Consumer,Asia,113.9,0.01004843941117277,376035.0,0.489,78.5,Medium,2023,2023-03,True
2023-03-26,Healthcare,Asia,365.4,0.00255945391401642,593429.0,-0.049,51.0,Medium,2023,2023-03,True
2023-03-27,Energy,Europe,145.75,0.00871813094330852,540880.0,-0.122,60.8,Medium,2023,2023-03,True
2023-03-27,Energy,US,82.93,-0.011644781144541275,557294.0,0.006,61.7,Low,2023,2023-03,False
2023-03-27,Technology,US,93.41,0.008000415793641575,291387.0,0.162,76.6,Medium,2023,2023-03,True
2023-03-27,Consumer,Asia,178.89,0.02402302893912831,336640.0,-0.142,60.9,Medium,2023,2023-03,True
2023-03-27,Technology,US,186.95,0.015745835515906245,550033.0,-0.453,10.0,Low,2023,2023-03,True
2023-03-28,Healthcare,US,122.87,-0.0009287805289877084,314727.0,0.495,77.9,Low,2023,2023-03,False
2023-03-29,Healthcare,Europe,152.94,0.010257378588572529,1376017.0,0.115,70.6,Medium,2023,2023-03,True
2023-03-29,Consumer,Europe,86.49,-0.010190002302411802,361871.0,0.068,70.2,Low,2023,2023-03,False
2023-03-30,Finance,US,378.01,0.025651225809386512,641396.0,-0.059,55.7,Low,2023,2023-03,True
2023-04-01,Finance,US,140.21,-0.02227497021087216,1005288.0,0.739,94.2,Medium,2023,2023-04,False
2023-04-02,Energy,US,87.66,0.01826989832944899,323193.0,-0.258,24.7,Medium,2023,2023-04,True
2023-04-02,Consumer,Europe,125.23,0.014370454840150773,414295.0,0.111,46.4,Medium,2023,2023-04,True
2023-04-02,Healthcare,US,177.05,0.017619585606073903,116849.0,0.031,50.6,Low,2023,2023-04,True
2023-04-03,Healthcare,US,58.97,-0.017452083364822246,1072948.0,-0.099,43.1,Medium,2023,2023-04,False
2023-04-06,Finance,Europe,239.85,-0.014054943334548,322793.0,-0.14,59.2,High,2023,2023-04,False
2023-04-06,Technology,US,34.94,0.00377720829612374,176073.0,0.204,76.6,Low,2023,2023-04,True
2023-04-07,Technology,Europe,46.71,-0.020792470512431913,413794.0,-0.172,17.0,Low,2023,2023-04,False
2023-04-08,Healthcare,US,350.12,0.013289595217424678,714880.0,0.548,56.0,Medium,2023,2023-04,True
2023-04-09,Finance,US,147.55,0.012290400382827811,609851.0,0.364,61.1,Medium,2023,2023-04,True
2023-04-09,Energy,Europe,76.01,0.008319600566459168,352806.0,0.385,64.0,High,2023,2023-04,True
2023-04-10,Consumer,Asia,110.84,-0.011574258924428905,346666.0,0.128,59.9,Medium,2023,2023-04,False
2023-04-10,Finance,Europe,140.09,-0.0032086321970993263,658046.0,0.106,49.1,Low,2023,2023-04,False
2023-04-10,Energy,US,67.36,-0.003932649358814321,504593.0,-0.192,23.3,Low,2023,2023-04,False
2023-04-11,Finance,US,197.66,-0.03591121140939625,909537.0,-0.091,47.6,High,2023,2023-04,False
2023-04-11,Technology,Europe,142.61,-0.035134300639946596,259187.0,-0.313,51.2,Medium,2023,2023-04,False
2023-04-11,Healthcare,Europe,156.78,-0.0006507938937941437,397610.0,-0.421,48.6,Medium,2023,2023-04,False
2023-04-12,Consumer,Asia,109.67,0.0180334858763818,1509398.0,-0.117,23.4,Low,2023,2023-04,True
2023-04-14,Energy,US,115.69,0.032061100882996296,655372.0,-0.554,39.1,High,2023,2023-04,True
2023-04-14,Finance,Asia,132.36,0.016131185523353766,659958.0,0.102,30.5,Medium,2023,2023-04,True
2023-04-14,Healthcare,US,121.45,-0.006570610519298698,222564.0,0.356,67.7,Medium,2023,2023-04,False
2023-04-14,Finance,Asia,169.75,0.004954343923428361,289170.0,-0.001,61.1,Low,2023,2023-04,True
2023-04-15,Energy,US,135.19,-0.006130785857445087,1223885.0,-0.124,40.5,Medium,2023,2023-04,False
2023-04-15,Finance,US,50.99,0.015162967388722288,755246.0,-0.402,49.4,Medium,2023,2023-04,True
2023-04-16,Energy,Asia,162.49,-0.0007911600716174699,2182074.0,-0.448,45.3,High,2023,2023-04,False
2023-04-16,Consumer,US,76.4,-0.002841365035866817,1442732.0,0.123,60.4,High,2023,2023-04,False
2023-04-17,Healthcare,Europe,120.24,0.0021797117340512273,221565.0,0.744,74.2,High,2023,2023-04,True
2023-04-19,Consumer,Europe,69.77,-0.0156162087853882,1451655.0,-0.357,21.1,Low,2023,2023-04,False
2023-04-19,Consumer,US,128.33,-0.013709973384720039,143316.0,0.036,51.9,Medium,2023,2023-04,False
2023-04-19,Healthcare,US,71.16,-0.025646984550949405,209349.0,0.313,53.1,Low,2023,2023-04,False
2023-04-20,Energy,Europe,263.37,0.0063674454559281045,305097.0,0.136,40.4,High,2023,2023-04,True
2023-04-22,Energy,US,168.44,-0.0010584361168741075,269025.0,-0.256,37.8,Medium,2023,2023-04,False
2023-04-22,Healthcare,US,199.81,0.018611891745068884,325881.0,0.206,39.5,Medium,2023,2023-04,True
2023-04-22,Finance,Europe,123.45,0.00900675704354172,350554.0,0.067,44.3,Low,2023,2023-04,True
2023-04-23,Energy,Asia,137.3,-0.02983840517052559,309645.0,-0.01,34.8,Low,2023,2023-04,False
2023-04-23,Consumer,US,117.16,-0.0067185720374198935,390140.0,0.606,100.0,Medium,2023,2023-04,False
2023-04-24,Healthcare,Asia,221.49,0.012743435103670018,307956.0,-0.028,36.1,Low,2023,2023-04,True
2023-04-26,Finance,Europe,258.12,0.01329915425974106,508711.0,-0.319,43.6,Low,2023,2023-04,True
2023-04-26,Consumer,US,207.58,-0.017891283702259064,969153.0,0.059,39.9,Medium,2023,2023-04,False
2023-04-27,Consumer,US,83.43,0.005900702766353997,175423.0,-0.434,42.4,Medium,2023,2023-04,True
2023-04-27,Healthcare,Europe,86.48,0.007329115088759056,764301.0,-0.417,43.7,Low,2023,2023-04,True
2023-04-28,Energy,Asia,131.71,0.031635957000197015,210869.0,-0.13,57.3,Medium,2023,2023-04,True
2023-04-29,Consumer,US,119.9,0.001990177746044241,355095.0,-0.505,30.8,Medium,2023,2023-04,True
2023-04-29,Healthcare,US,157.05,-0.006132054407867687,416556.0,0.082,59.1,Low,2023,2023-04,False
2023-04-30,Technology,Asia,50.32,0.004243646642851697,1334178.0,0.639,68.0,Medium,2023,2023-04,True
2023-04-30,Finance,Europe,90.99,0.02411017462488366,614741.0,0.783,91.0,Medium,2023,2023-04,True
2023-04-30,Consumer,Asia,136.86,-0.005371980540022647,896170.0,-0.913,42.1,Low,2023,2023-04,False
2023-05-02,Healthcare,US,41.78,0.03785113991919607,117749.0,-0.533,37.2,Low,2023,2023-05,True
2023-05-03,Consumer,Europe,43.74,0.02090530717282418,379093.0,-0.364,22.7,Low,2023,2023-05,True
2023-05-03,Consumer,US,135.04,0.0010335488084595845,639357.0,-0.162,29.8,High,2023,2023-05,True
2023-05-03,Energy,US,56.76,0.0039227231783426665,222896.0,0.238,65.0,Low,2023,2023-05,True
2023-05-04,Energy,US,144.92,0.018080451956264412,592276.0,0.209,51.4,Low,2023,2023-05,True
2023-05-05,Healthcare,Asia,107.45,0.001963852485071149,257639.0,0.269,51.7,High,2023,2023-05,True
2023-05-07,Healthcare,US,155.54,-0.0196116193003959,1764332.0,-0.355,15.8,Low,2023,2023-05,False
2023-05-08,Finance,US,109.36,-0.01424019220181229,134336.0,0.237,73.8,High,2023,2023-05,False
2023-05-08,Energy,Europe,57.25,-0.007169136121748823,853452.0,-0.172,47.1,Medium,2023,2023-05,False
2023-05-08,Consumer,US,136.35,-0.00330213700969431,326198.0,0.057,56.8,Medium,2023,2023-05,False
2023-05-10,Energy,Europe,153.46,0.017273964502250164,422270.0,-0.13,55.2,Medium,2023,2023-05,True
2023-05-12,Healthcare,US,58.63,-0.0035427992198368164,461313.0,0.415,61.7,Medium,2023,2023-05,False
2023-05-14,Consumer,US,122.19,0.013269322700404124,334863.0,0.115,47.1,Low,2023,2023-05,True
2023-05-14,Technology,US,232.14,0.021641413866072757,154660.0,0.336,72.7,High,2023,2023-05,True
2023-05-15,Healthcare,US,210.31,-0.0013891537102934475,453180.0,0.723,67.4,Medium,2023,2023-05,False
2023-05-17,Consumer,US,159.37,0.009461927476986416,494447.0,-0.123,72.8,High,2023,2023-05,True
2023-05-17,Energy,US,123.09,0.008451988415716637,226807.0,0.112,46.8,High,2023,2023-05,True
2023-05-17,Consumer,US,205.39,0.012702613792762484,189733.0,-0.431,15.8,High,2023,2023-05,True
2023-05-19,Technology,US,57.11,0.01808403262295463,449717.0,0.506,65.0,Medium,2023,2023-05,True
2023-05-19,Consumer,Europe,266.76,0.004812815102324122,147207.0,-0.074,46.0,Medium,2023,2023-05,True
2023-05-20,Healthcare,US,218.8,0.021001256702623494,1171278.0,0.124,55.7,Medium,2023,2023-05,True
2023-05-20,Consumer,US,118.72,0.008807461973469911,161412.0,0.063,69.3,Medium,2023,2023-05,True
2023-05-20,Finance,US,95.06,0.01107075506545386,255918.0,0.122,70.0,High,2023,2023-05,True
2023-05-20,Technology,Asia,190.39,-0.005295443204524395,299664.0,0.017,61.8,Medium,2023,2023-05,False
2023-05-21,Finance,US,63.37,-0.01303837586854104,1599207.0,0.285,71.5,High,2023,2023-05,False
2023-05-22,Finance,Europe,195.66,0.00428846155900785,399421.0,0.032,62.1,Medium,2023,2023-05,True
2023-05-23,Healthcare,Europe,141.59,0.024795461692696565,677239.0,0.13,60.7,Low,2023,2023-05,True
2023-05-24,Energy,Europe,133.97,0.005894677535783049,457487.0,-0.634,15.8,Medium,2023,2023-05,True
2023-05-26,Consumer,Asia,101.83,0.016441627584083802,1141469.0,0.428,70.0,Medium,2023,2023-05,True
2023-05-28,Consumer,Europe,352.06,-0.006240134306529364,462760.0,0.477,75.3,Medium,2023,2023-05,False
2023-05-28,Energy,US,108.22,-0.02845795848992102,258346.0,-0.325,39.5,Low,2023,2023-05,False
2023-05-29,Energy,Europe,267.67,0.006209986309437391,567729.0,-0.064,34.9,Medium,2023,2023-05,True
2023-05-30,Finance,US,178.12,0.015597885339589964,589087.0,-0.468,30.6,Medium,2023,2023-05,True
2023-05-31,Consumer,US,247.79,-0.017130366445984202,218351.0,-0.275,30.9,Medium,2023,2023-05,False
2023-05-31,Finance,US,171.5,-0.01212988957879443,192964.0,-0.543,45.3,Low,2023,2023-05,False
2023-06-02,Energy,Europe,96.11,-0.0018810098221702912,86447.0,-0.633,43.9,Medium,2023,2023-06,False
2023-06-02,Technology,Europe,70.39,0.03157582201393559,558025.0,0.577,67.1,Medium,2023,2023-06,True
2023-06-02,Healthcare,US,100.68,0.015527601752768976,1029532.0,0.85,84.4,High,2023,2023-06,True
2023-06-03,Finance,Europe,211.61,0.01624459870513347,124839.0,0.058,52.7,Medium,2023,2023-06,True
2023-06-04,Energy,Europe,130.64,0.020203124844389086,652379.0,0.499,69.7,Low,2023,2023-06,True
2023-06-05,Healthcare,Europe,345.29,0.017451104992749253,93967.0,-0.078,70.0,Medium,2023,2023-06,True
2023-06-05,Technology,US,128.04,0.017696481691586816,638331.0,0.133,84.2,Medium,2023,2023-06,True
2023-06-05,Energy,Europe,169.01,-0.0010497718144704539,671734.0,-0.844,15.2,Medium,2023,2023-06,False
2023-06-06,Consumer,US,136.47,0.007903719459325014,265829.0,0.075,71.3,Low,2023,2023-06,True
2023-06-06,Healthcare,US,178.99,-0.02911070707966628,1954837.0,0.426,63.8,Medium,2023,2023-06,False
2023-06-07,Finance,Europe,248.08,-0.009004206987090762,665271.0,0.107,58.1,Low,2023,2023-06,False
2023-06-07,Healthcare,US,220.89,-0.007902540228561149,1200306.0,0.052,40.8,Medium,2023,2023-06,False
2023-06-08,Healthcare,Europe,176.43,0.03146709607466161,398210.0,0.084,71.4,Medium,2023,2023-06,True
2023-06-08,Energy,Europe,34.14,0.001635313721052066,307494.0,0.152,58.5,High,2023,2023-06,True
2023-06-08,Technology,US,44.37,-0.019286519488124147,237825.0,-0.1,41.1,Low,2023,2023-06,False
2023-06-08,Consumer,US,70.51,0.023941671447100278,435078.0,0.732,74.7,Low,2023,2023-06,True
2023-06-12,Finance,US,200.65,0.02057121202952832,1682360.0,0.121,41.6,Medium,2023,2023-06,True
2023-06-12,Energy,US,123.86,-0.01773615691850151,659856.0,-0.561,23.8,High,2023,2023-06,False
2023-06-13,Technology,Europe,90.68,-0.012393257750743007,351186.0,0.16,72.8,Medium,2023,2023-06,False
2023-06-13,Finance,US,43.21,-0.023042137021782462,181923.0,-0.015,40.7,Medium,2023,2023-06,False
2023-06-15,Healthcare,US,52.12,-0.003179186755039541,249151.0,0.29,78.2,Low,2023,2023-06,False
2023-06-15,Finance,Asia,52.19,0.01098407742551587,397635.0,0.245,36.4,Medium,2023,2023-06,True
2023-06-15,Healthcare,Europe,55.6,-0.006336824054110121,566956.0,0.357,64.1,Medium,2023,2023-06,False
2023-06-16,Energy,US,44.32,-0.014620617569538355,214188.0,-0.516,42.9,High,2023,2023-06,False
2023-06-16,Healthcare,US,76.01,-0.014720969357946439,376938.0,-0.097,61.6,High,2023,2023-06,False
2023-06-18,Finance,US,52.38,0.011373544928623273,291219.0,-0.316,52.6,Medium,2023,2023-06,True
2023-06-18,Technology,Europe,203.84,0.018843709395558128,711096.0,-0.313,43.6,Low,2023,2023-06,True
2023-06-19,Healthcare,Europe,125.14,0.021626577964779015,226024.0,0.049,54.0,High,2023,2023-06,True
2023-06-20,Technology,Europe,148.16,-0.008603862855013609,612085.0,-0.029,34.9,Medium,2023,2023-06,False
2023-06-21,Technology,Europe,271.33,-0.004867271945124507,721350.0,-0.628,30.6,Medium,2023,2023-06,False
2023-06-22,Healthcare,US,140.71,-0.02526791666573218,464341.0,0.337,49.2,Low,2023,2023-06,False
2023-06-22,Finance,US,171.84,0.043357353724278354,192780.0,-0.063,55.9,Medium,2023,2023-06,True
2023-06-23,Healthcare,Asia,96.96,0.022314734450930535,703058.0,0.199,56.3,Low,2023,2023-06,True
2023-06-23,Consumer,US,360.91,-0.0262191430081645,526542.0,-0.089,48.3,Low,2023,2023-06,False
2023-06-23,Finance,Asia,99.96,-0.01641363979639205,156551.0,-0.403,45.3,High,2023,2023-06,False
2023-06-23,Consumer,Europe,92.11,-0.01816272128465896,965302.0,0.508,71.9,Medium,2023,2023-06,False
2023-06-24,Healthcare,US,626.14,0.006983057056812689,418429.0,0.191,60.5,Low,2023,2023-06,True
2023-06-25,Technology,Europe,92.95,0.02018480595134078,701798.0,0.382,68.5,Medium,2023,2023-06,True
2023-06-25,Healthcare,US,111.65,0.03131815662666002,2602706.0,0.378,78.0,Medium,2023,2023-06,True
2023-06-26,Finance,Europe,172.06,0.0039190733713033435,301325.0,0.312,50.5,Medium,2023,2023-06,True
2023-06-27,Energy,US,67.8,0.021489399868457874,291028.0,0.025,44.3,Medium,2023,2023-06,True
2023-06-28,Energy,US,160.47,0.006507693439447875,401438.0,0.379,80.2,Low,2023,2023-06,True
2023-06-28,Finance,US,112.87,-0.007771679466294483,111246.0,0.361,58.1,Low,2023,2023-06,False
2023-06-28,Healthcare,US,300.79,0.01330975233136222,584510.0,-0.437,58.7,High,2023,2023-06,True
2023-06-29,Energy,US,51.37,0.010801768860875749,233247.0,0.2,48.1,High,2023,2023-06,True
2023-06-29,Consumer,Asia,114.02,0.02302235748312896,1058593.0,-0.122,55.1,Low,2023,2023-06,True
2023-06-29,Consumer,Asia,125.36,-0.006963775322072379,247571.0,-0.357,49.0,Low,2023,2023-06,False
2023-06-29,Consumer,Asia,314.0,-0.014573287193207688,3033116.0,-0.281,41.9,Low,2023,2023-06,False
2023-07-01,Energy,US,137.77,-0.010202406148464382,459571.0,-0.666,16.0,Medium,2023,2023-07,False
2023-07-02,Finance,US,85.16,0.005302739317873848,342487.0,-0.199,41.8,High,2023,2023-07,True
2023-07-03,Healthcare,Europe,164.34,-0.0014167911737560477,393954.0,-0.238,51.3,High,2023,2023-07,False
2023-07-03,Consumer,US,204.05,-0.02188967360512962,1527351.0,-0.089,38.1,High,2023,2023-07,False
2023-07-04,Consumer,US,161.18,0.010145224505925442,442301.0,-0.3,32.2,High,2023,2023-07,True
2023-07-04,Energy,Europe,64.36,-0.0350226532534064,241004.0,0.572,70.6,High,2023,2023-07,False
2023-07-05,Energy,US,54.16,0.019561569079020662,395346.0,-0.021,46.6,Medium,2023,2023-07,True
2023-07-06,Healthcare,US,100.75,0.013721993121863953,384096.0,0.507,53.0,Medium,2023,2023-07,True
2023-07-10,Technology,Asia,93.28,-0.0010022078988667815,482476.0,0.352,42.4,Medium,2023,2023-07,False
2023-07-10,Healthcare,US,93.58,-0.022688969285330655,252984.0,0.139,42.3,High,2023,2023-07,False
2023-07-10,Technology,Asia,39.61,-0.0187088276935531,395783.0,0.488,62.0,High,2023,2023-07,False
2023-07-11,Finance,US,158.19,0.0032006785540087297,711962.0,-0.2,38.5,Medium,2023,2023-07,True
2023-07-12,Healthcare,Asia,128.41,0.016386891470894473,370921.0,0.357,74.8,Medium,2023,2023-07,True
2023-07-13,Energy,US,126.25,0.010772892694635751,867547.0,0.151,68.4,Medium,2023,2023-07,True
2023-07-13,Technology,US,97.39,-0.020275830618420337,147421.0,-0.445,52.9,Low,2023,2023-07,False
2023-07-14,Consumer,Asia,67.21,0.008223374271963135,160674.0,0.247,52.3,Low,2023,2023-07,True
2023-07-14,Energy,US,135.95,5.556744908281853e-05,304178.0,-0.038,46.6,High,2023,2023-07,True
2023-07-15,Energy,Europe,158.39,0.0142133128129325,617371.0,-0.083,55.1,Medium,2023,2023-07,True
2023-07-15,Technology,US,214.22,-0.023836869477522758,290385.0,0.236,51.6,High,2023,2023-07,False
2023-07-16,Technology,Europe,66.94,0.0018720990340534384,362787.0,-0.14,44.7,Low,2023,2023-07,True
2023-07-16,Healthcare,US,85.61,-0.0011653898216981975,662393.0,0.111,74.5,Medium,2023,2023-07,False
2023-07-16,Technology,US,67.03,-0.02380334465526024,228712.0,0.03,43.6,Low,2023,2023-07,False
2023-07-17,Consumer,US,81.69,0.019583804498434887,1366036.0,0.45,48.6,Low,2023,2023-07,True
2023-07-17,Energy,US,127.17,-0.01696628576501142,424766.0,0.483,61.1,Low,2023,2023-07,False
2023-07-17,Energy,Asia,41.3,0.001616458055618461,989061.0,0.66,60.9,High,2023,2023-07,True
2023-07-17,Finance,Europe,42.7,-0.011538047614213212,892891.0,-0.233,40.9,Medium,2023,2023-07,False
2023-07-18,Consumer,US,55.75,-0.015472281139546148,208388.0,-0.11,48.4,High,2023,2023-07,False
2023-07-19,Healthcare,US,132.2,-0.004494081762049025,841609.0,0.072,46.6,Low,2023,2023-07,False
2023-07-19,Finance,US,80.29,0.009716280092348843,282610.0,0.151,41.2,Low,2023,2023-07,True
2023-07-22,Consumer,US,64.66,0.015464173873410769,234860.0,0.582,60.3,High,2023,2023-07,True
2023-07-22,Finance,US,77.92,-0.020677524423082485,488387.0,-0.286,42.8,High,2023,2023-07,False
2023-07-22,Finance,US,49.11,0.0177086047671803,985470.0,0.059,51.0,Medium,2023,2023-07,True
2023-07-23,Finance,Europe,150.97,-0.011166905764117182,511139.0,-0.033,65.1,Low,2023,2023-07,False
2023-07-24,Technology,US,111.44,0.006858552827778866,246140.0,0.475,88.0,High,2023,2023-07,True
2023-07-25,Technology,US,135.75,-0.0018846419250292176,172739.0,-0.228,40.2,Medium,2023,2023-07,False
2023-07-27,Technology,US,156.36,-0.038318996188444004,634113.0,0.191,62.0,High,2023,2023-07,False
2023-07-27,Energy,Asia,71.57,0.022891071468845173,468479.0,0.452,54.7,Low,2023,2023-07,True
2023-07-28,Finance,Europe,154.76,0.0013942761137888922,600115.0,-0.448,42.6,Low,2023,2023-07,True
2023-07-28,Healthcare,US,65.07,0.032480145401229635,390002.0,-0.101,27.4,High,2023,2023-07,True
2023-07-28,Finance,Asia,47.24,-0.011295813196036942,587229.0,0.091,33.6,Medium,2023,2023-07,False
2023-07-29,Healthcare,US,85.62,-0.019752365778555776,217644.0,0.341,73.6,Medium,2023,2023-07,False
2023-08-01,Healthcare,US,135.94,0.030175749999711305,195100.0,0.594,68.6,Low,2023,2023-08,True
2023-08-02,Technology,Europe,92.4,0.01364524334841492,268797.0,0.625,66.0,High,2023,2023-08,True
2023-08-02,Technology,Europe,87.19,0.004229742715718161,395982.0,0.111,20.6,Medium,2023,2023-08,True
2023-08-04,Consumer,Europe,179.65,0.02291918415389931,313210.0,0.46,82.2,Medium,2023,2023-08,True
2023-08-05,Healthcare,US,149.46,-0.03631806697474839,266833.0,0.083,47.9,High,2023,2023-08,False
2023-08-07,Healthcare,US,56.3,0.01736565917317571,366056.0,-0.184,19.3,Medium,2023,2023-08,True
2023-08-08,Healthcare,US,71.95,0.005143880476035536,488769.0,0.138,65.5,Medium,2023,2023-08,True
2023-08-08,Healthcare,Europe,213.69,0.0018820881094337215,580830.0,0.01,36.9,Medium,2023,2023-08,True
2023-08-08,Energy,Asia,94.46,0.01986907848279177,1561904.0,0.666,100.0,Medium,2023,2023-08,True
2023-08-10,Consumer,Asia,43.1,0.006816229777257954,321121.0,-0.528,52.7,Medium,2023,2023-08,True
2023-08-11,Consumer,Europe,67.78,-0.02698665288485282,267676.0,-0.258,24.3,Low,2023,2023-08,False
2023-08-11,Energy,US,91.45,-0.005981569735514914,456682.0,-0.204,58.5,Low,2023,2023-08,False
2023-08-11,Consumer,Europe,54.82,-0.03027286376338392,109165.0,0.089,51.5,High,2023,2023-08,False
2023-08-11,Consumer,Europe,107.61,0.018450021929088314,399881.0,-0.22,36.9,Low,2023,2023-08,True
2023-08-13,Energy,US,324.49,-0.018163057900522563,606461.0,-0.053,36.1,Medium,2023,2023-08,False
2023-08-15,Consumer,US,59.6,-0.00163668997368713,240362.0,-0.195,58.2,High,2023,2023-08,False
2023-08-15,Finance,US,179.87,-0.03580064733395843,724173.0,0.093,50.2,High,2023,2023-08,False
2023-08-15,Healthcare,US,141.25,0.015487041673384884,570352.0,0.411,69.6,Medium,2023,2023-08,True
2023-08-16,Finance,US,142.03,0.02618438674139868,790786.0,0.422,50.0,Medium,2023,2023-08,True
2023-08-17,Technology,Europe,144.09,-0.0010950143180252971,468552.0,0.157,47.0,Medium,2023,2023-08,False
2023-08-18,Consumer,Europe,74.75,-0.005749498463359594,505337.0,0.349,68.3,Low,2023,2023-08,False
2023-08-18,Consumer,US,202.87,-0.025278169738582622,244828.0,0.121,50.7,High,2023,2023-08,False
2023-08-21,Consumer,Europe,108.29,-0.006340439614098613,440541.0,0.555,65.2,Low,2023,2023-08,False
2023-08-22,Technology,Europe,176.51,-0.03487520739689391,776902.0,-0.026,38.6,Low,2023,2023-08,False
2023-08-22,Finance,US,115.58,0.010157459866765391,629995.0,-0.617,35.2,Low,2023,2023-08,True
2023-08-22,Technology,US,36.86,-0.011160960703932087,368923.0,0.117,63.1,Medium,2023,2023-08,False
2023-08-23,Healthcare,US,97.87,-0.0005962130872505631,214114.0,0.555,46.0,Medium,2023,2023-08,False
2023-08-24,Technology,Asia,60.37,-0.015606143150938126,527619.0,-0.286,31.5,Low,2023,2023-08,False
2023-08-26,Technology,Europe,155.46,-0.020568626222864157,501749.0,-0.089,54.1,Medium,2023,2023-08,False
2023-08-28,Technology,Europe,168.2,-0.007822526465362765,856848.0,0.114,56.2,Low,2023,2023-08,False
2023-08-28,Consumer,US,89.95,-0.017122930375963463,413049.0,0.051,47.0,Medium,2023,2023-08,False
2023-08-28,Finance,US,90.51,-0.010814569731575546,530537.0,-0.185,61.0,Medium,2023,2023-08,False
2023-08-28,Technology,Europe,114.69,0.0022076940649141457,300642.0,0.571,76.6,Medium,2023,2023-08,True
2023-08-29,Energy,US,104.1,0.022886794207964207,1202014.0,-0.534,39.3,Medium,2023,2023-08,True
2023-08-29,Finance,Europe,63.05,0.000910720852039003,820003.0,0.661,72.9,High,2023,2023-08,True
2023-08-29,Finance,Europe,56.92,-0.012898915293384154,396388.0,0.195,52.7,Low,2023,2023-08,False
2023-08-30,Technology,Europe,234.04,0.014316479279688508,529555.0,0.117,37.7,High,2023,2023-08,True
2023-08-30,Consumer,US,97.07,-0.025302362027351373,589565.0,-1.0,20.7,Medium,2023,2023-08,False
2023-08-31,Finance,Europe,363.26,-0.018509059357239385,901228.0,0.199,67.7,High,2023,2023-08,False
2023-08-31,Consumer,US,100.23,-0.0324077620955252,652689.0,-0.147,35.0,Low,2023,2023-08,False
2023-08-31,Consumer,US,121.85,0.030922805235647277,384643.0,0.35,73.8,Medium,2023,2023-08,True
2023-09-01,Finance,US,60.72,0.025468439075304862,592421.0,-0.287,36.6,Low,2023,2023-09,True
2023-09-01,Healthcare,Europe,141.13,0.039339634010358324,191628.0,0.253,63.9,High,2023,2023-09,True
2023-09-01,Consumer,US,107.12,0.030892504032268037,516623.0,0.04,62.0,Medium,2023,2023-09,True
2023-09-03,Technology,US,260.94,-0.04475435016927345,664771.0,-0.009,54.4,Low,2023,2023-09,False
2023-09-04,Consumer,US,101.53,-0.018758876673380505,119441.0,0.113,44.4,Medium,2023,2023-09,False
2023-09-07,Consumer,Europe,189.0,0.0006204199029069791,254186.0,0.065,42.6,High,2023,2023-09,True
2023-09-07,Consumer,US,93.02,0.027631997366427963,380179.0,-0.095,61.1,Low,2023,2023-09,True
2023-09-07,Technology,US,34.32,-0.0060393542571094555,270369.0,-0.353,39.8,Medium,2023,2023-09,False
2023-09-08,Healthcare,US,75.85,0.001251986888467922,480827.0,-0.238,49.8,Medium,2023,2023-09,True
2023-09-08,Energy,US,294.38,0.03311979781917935,593944.0,0.24,74.3,Medium,2023,2023-09,True
2023-09-08,Technology,Europe,63.54,0.015161996117859834,908958.0,-0.47,51.2,Low,2023,2023-09,True
2023-09-09,Healthcare,US,75.84,0.01378014384422946,1025899.0,-0.08,62.9,High,2023,2023-09,True
2023-09-09,Healthcare,Asia,165.0,0.0035697462494539006,648927.0,0.301,46.5,High,2023,2023-09,True
2023-09-09,Consumer,Europe,30.84,0.01670917709425266,306473.0,0.331,81.6,Low,2023,2023-09,True
2023-09-09,Finance,US,54.38,-0.00976028524261985,955279.0,-0.115,42.3,High,2023,2023-09,False
2023-09-09,Healthcare,US,82.25,0.006067640709419863,477114.0,0.667,69.7,High,2023,2023-09,True
2023-09-09,Healthcare,US,68.55,0.011004116624322857,2059251.0,-0.083,37.2,Low,2023,2023-09,True
2023-09-11,Technology,Europe,111.09,0.021215511127005895,525501.0,-0.282,44.0,Low,2023,2023-09,True
2023-09-11,Technology,US,123.34,-0.0014836358773012486,176548.0,0.682,75.8,Low,2023,2023-09,False
2023-09-12,Finance,Asia,75.69,0.015144291160476853,686197.0,0.863,71.3,Low,2023,2023-09,True
2023-09-13,Technology,US,147.5,-0.009329370298562772,198395.0,0.206,47.1,Low,2023,2023-09,False
2023-09-13,Consumer,US,224.12,0.0047132615585022165,743837.0,-0.472,21.7,High,2023,2023-09,True
2023-09-13,Finance,Asia,270.44,3.0755137097273895e-05,570967.0,0.563,78.9,Medium,2023,2023-09,True
2023-09-15,Energy,US,87.23,-0.02535001068877937,243869.0,0.545,40.8,Low,2023,2023-09,False
2023-09-15,Healthcare,US,110.34,-0.02105325840626541,1044388.0,-0.295,56.9,Medium,2023,2023-09,False
2023-09-15,Finance,US,51.87,0.015911959755442077,299913.0,-0.417,50.5,Medium,2023,2023-09,True
2023-09-16,Consumer,Asia,126.28,-0.011416538023393829,424741.0,0.33,62.4,Medium,2023,2023-09,False
2023-09-16,Consumer,US,91.05,0.015096599861863564,365160.0,0.663,67.2,Medium,2023,2023-09,True
2023-09-17,Healthcare,Asia,114.01,-0.0030923551154950777,1532760.0,0.127,68.5,Medium,2023,2023-09,False
2023-09-18,Technology,US,135.75,-0.020707376882110363,4612253.0,-0.284,24.3,High,2023,2023-09,False
2023-09-18,Healthcare,US,312.43,0.012830378127047135,571584.0,0.313,65.9,High,2023,2023-09,True
2023-09-19,Finance,US,319.83,0.019980235010499028,2068216.0,0.124,51.2,Medium,2023,2023-09,True
2023-09-20,Energy,Europe,141.69,0.004376147829350236,181588.0,-0.573,30.2,Low,2023,2023-09,True
2023-09-22,Healthcare,US,104.84,0.026336541862930468,265868.0,-0.154,28.3,Low,2023,2023-09,True
2023-09-25,Technology,US,73.63,-0.00844639401144667,770698.0,0.169,70.2,Medium,2023,2023-09,False
2023-09-25,Energy,US,124.12,-0.02594110245539079,1418791.0,-0.128,46.1,Low,2023,2023-09,False
2023-09-25,Finance,Europe,149.9,0.005740609932655436,484304.0,0.785,88.3,Medium,2023,2023-09,True
2023-09-26,Finance,US,78.04,-0.014888627560974352,422220.0,-0.078,46.1,Low,2023,2023-09,False
2023-09-26,Finance,Europe,137.1,-0.01927414880645359,1249991.0,-0.166,38.5,Medium,2023,2023-09,False
2023-09-26,Energy,US,150.46,-0.014017783286337607,195932.0,0.257,60.3,High,2023,2023-09,False
2023-09-26,Finance,US,105.33,0.02194515480825665,372394.0,0.46,51.6,High,2023,2023-09,True
2023-09-28,Consumer,US,84.44,-0.002419149534641191,163781.0,-0.151,44.3,Medium,2023,2023-09,False
2023-09-28,Finance,Europe,89.56,0.006879550389582106,330168.0,0.106,52.3,Medium,2023,2023-09,True
2023-09-29,Energy,US,222.51,0.003763032115486919,119394.0,0.147,46.9,Medium,2023,2023-09,True
2023-09-29,Healthcare,Asia,68.86,0.029770774365046302,441265.0,-0.182,55.6,Medium,2023,2023-09,True
2023-09-29,Consumer,US,186.41,-0.009138685156317354,538441.0,0.008,27.7,Medium,2023,2023-09,False
2023-09-30,Healthcare,US,105.48,-0.016304760538356788,397029.0,0.25,61.0,Medium,2023,2023-09,False
2023-09-30,Healthcare,US,69.38,0.001665350053404771,575745.0,0.34,48.8,Medium,2023,2023-09,True
2023-10-01,Energy,US,60.59,0.04361927819293649,152676.0,-0.12,36.4,Medium,2023,2023-10,True
2023-10-02,Technology,US,71.62,-0.020873165618081092,216755.0,0.118,36.0,Medium,2023,2023-10,False
2023-10-06,Technology,Europe,174.89,0.011495496977481753,373731.0,-0.111,51.4,Low,2023,2023-10,True
2023-10-06,Consumer,Asia,149.0,0.01993098800923272,198009.0,0.527,41.6,High,2023,2023-10,True
2023-10-07,Energy,Asia,107.71,-0.011225055278205588,486273.0,-0.72,34.7,Low,2023,2023-10,False
2023-10-07,Energy,US,79.07,0.015319552415446412,485769.0,0.278,43.9,Medium,2023,2023-10,True
2023-10-08,Finance,US,99.78,0.004391643068010713,241848.0,-0.254,66.7,High,2023,2023-10,True
2023-10-08,Consumer,US,121.81,0.00800845913708526,714531.0,-0.077,36.8,Medium,2023,2023-10,True
2023-10-09,Consumer,Europe,215.45,0.012671360266742322,404639.0,-0.157,52.0,Low,2023,2023-10,True
2023-10-10,Consumer,Europe,98.95,0.008753031259238198,190688.0,-0.339,43.9,Medium,2023,2023-10,True
2023-10-13,Energy,US,102.96,0.001742206760997758,224614.0,0.094,67.0,Medium,2023,2023-10,True
2023-10-14,Finance,US,68.29,0.020638237945872263,458040.0,-0.487,48.6,Medium,2023,2023-10,True
2023-10-14,Energy,US,106.06,0.006414151423836376,610520.0,0.183,67.6,Medium,2023,2023-10,True
2023-10-15,Consumer,US,97.61,0.03468220104594955,232632.0,0.332,43.1,Medium,2023,2023-10,True
2023-10-15,Technology,US,53.53,-0.006780181156581832,1770904.0,0.141,78.8,Low,2023,2023-10,False
2023-10-15,Finance,US,70.5,0.019419395263468565,159172.0,1.0,76.4,Medium,2023,2023-10,True
2023-10-15,Healthcare,US,151.27,-0.007478582315054306,332199.0,-0.327,36.0,Medium,2023,2023-10,False
2023-10-16,Consumer,US,56.24,0.0012365619568564675,496117.0,-0.143,65.6,Medium,2023,2023-10,True
2023-10-16,Healthcare,US,55.8,0.009759805914050306,118190.0,-0.134,61.9,Medium,2023,2023-10,True
2023-10-17,Energy,Asia,93.72,0.01970677954401998,953751.0,-0.212,53.2,Medium,2023,2023-10,True
2023-10-18,Finance,US,78.11,7.649628336790022e-05,368082.0,0.334,69.9,Medium,2023,2023-10,True
2023-10-18,Consumer,Asia,94.14,-0.023396350819403302,1565049.0,0.142,37.9,Low,2023,2023-10,False
2023-10-18,Healthcare,Europe,45.46,0.04170570220156108,207594.0,0.065,71.6,High,2023,2023-10,True
2023-10-18,Technology,US,214.09,-0.02588840367112738,367381.0,0.174,53.2,Medium,2023,2023-10,False
2023-10-19,Consumer,Europe,23.97,0.008761551254101952,595820.0,0.128,40.1,Low,2023,2023-10,True
2023-10-20,Finance,Asia,59.15,0.024182243719484853,715739.0,-0.04,58.6,Medium,2023,2023-10,True
2023-10-21,Consumer,US,72.08,-0.002823282089359721,469993.0,0.883,99.0,Low,2023,2023-10,False
2023-10-21,Healthcare,US,177.82,0.003007552302581865,580954.0,-0.159,47.8,Medium,2023,2023-10,True
2023-10-21,Finance,US,242.41,0.04624873312266905,301212.0,0.057,61.4,Low,2023,2023-10,True
2023-10-22,Consumer,US,41.85,0.044156857402212736,480140.0,0.156,63.9,Low,2023,2023-10,True
2023-10-23,Technology,Europe,92.65,0.0240960493765142,358263.0,-0.351,47.1,Medium,2023,2023-10,True
2023-10-23,Energy,US,86.43,0.02161296193760198,391980.0,-0.192,47.2,High,2023,2023-10,True
2023-10-24,Finance,Asia,171.15,0.014699983831148941,927644.0,0.048,53.8,High,2023,2023-10,True
2023-10-26,Finance,US,142.42,-0.007774393615177161,664320.0,-0.549,33.6,Low,2023,2023-10,False
2023-10-27,Technology,Europe,112.06,0.010266583294835856,225990.0,0.38,63.3,Low,2023,2023-10,True
2023-10-27,Consumer,US,85.9,-0.04559772376716566,2205363.0,-0.068,49.8,Medium,2023,2023-10,False
2023-10-28,Finance,Asia,72.64,0.01572365524913279,756668.0,0.29,64.4,Medium,2023,2023-10,True
2023-10-28,Consumer,Asia,129.37,0.028872043696671866,451480.0,-0.383,40.8,Low,2023,2023-10,True
2023-10-29,Finance,US,69.95,-0.01737701478290525,356847.0,-0.238,42.1,Medium,2023,2023-10,False
2023-10-30,Healthcare,US,66.8,0.008017348199192493,187230.0,0.093,27.8,High,2023,2023-10,True
2023-10-31,Energy,US,97.46,0.014434511368968443,382531.0,0.382,56.4,Low,2023,2023-10,True
2023-10-31,Finance,US,180.59,0.015373219236530152,1043444.0,-0.127,69.0,Low,2023,2023-10,True
2023-11-01,Consumer,Europe,74.02,0.006682634465550187,431889.0,0.143,39.2,High,2023,2023-11,True
2023-11-01,Technology,US,152.3,-0.0017417128783286584,301144.0,0.267,67.8,Low,2023,2023-11,False
2023-11-01,Consumer,Europe,115.93,0.00015004134734083346,154787.0,-0.358,39.7,Low,2023,2023-11,True
2023-11-02,Energy,US,161.62,0.0349204027600672,222831.0,0.484,71.0,Medium,2023,2023-11,True
2023-11-02,Energy,Europe,59.34,0.013754604103500922,1174699.0,0.121,54.5,Low,2023,2023-11,True
2023-11-02,Finance,Europe,65.67,-0.02082764615836606,638820.0,0.337,74.6,High,2023,2023-11,False
2023-11-05,Consumer,US,166.68,0.02063604535536718,542356.0,-0.033,44.5,High,2023,2023-11,True
2023-11-05,Energy,Asia,89.22,0.015775890379083075,398997.0,0.079,48.6,Low,2023,2023-11,True
2023-11-05,Technology,US,220.44,0.030215298396370598,457853.0,-0.03,46.0,Low,2023,2023-11,True
2023-11-05,Consumer,US,93.64,0.016825792367005227,770531.0,-0.138,43.9,Medium,2023,2023-11,True
2023-11-06,Healthcare,US,138.06,0.017838388325905175,342480.0,0.512,80.0,High,2023,2023-11,True
2023-11-07,Finance,US,67.98,-0.006766272564839221,556225.0,0.329,38.5,Medium,2023,2023-11,False
2023-11-07,Energy,US,81.58,0.012607009518403807,423744.0,0.138,65.0,Medium,2023,2023-11,True
2023-11-08,Healthcare,Europe,227.58,0.042429973491040246,950262.0,0.84,69.2,Medium,2023,2023-11,True
2023-11-09,Finance,US,183.19,0.004272525443115565,524074.0,-0.444,50.1,Medium,2023,2023-11,True
2023-11-10,Energy,US,25.74,-0.005840980614844526,502713.0,0.217,60.8,Medium,2023,2023-11,False
2023-11-13,Consumer,US,72.08,-0.025074125539137064,457104.0,-0.028,75.7,Low,2023,2023-11,False
2023-11-14,Healthcare,Europe,136.49,-0.010997098223662375,427006.0,0.225,51.4,Medium,2023,2023-11,False
2023-11-15,Healthcare,US,68.1,-0.03222004660782714,164150.0,-0.435,50.8,High,2023,2023-11,False
2023-11-16,Finance,US,59.5,-0.01080289646287707,270534.0,-0.667,52.0,Medium,2023,2023-11,False
2023-11-17,Healthcare,Asia,103.62,-0.012704204969581391,424989.0,0.112,39.2,Low,2023,2023-11,False
2023-11-17,Finance,US,281.85,-0.0008800346309134283,695022.0,-0.165,45.3,High,2023,2023-11,False
2023-11-18,Energy,US,63.23,-0.0024684347453798865,611194.0,0.526,40.5,Low,2023,2023-11,False
2023-11-18,Consumer,US,110.1,-0.017449580506918194,114469.0,0.131,75.8,Medium,2023,2023-11,False
2023-11-19,Healthcare,US,133.1,-0.00012738195117936675,338338.0,-0.745,7.5,Medium,2023,2023-11,False
2023-11-19,Healthcare,Asia,178.55,0.0019657486735676403,678291.0,0.622,74.2,Low,2023,2023-11,True
2023-11-20,Healthcare,US,220.83,-0.020605713876095257,286617.0,0.449,66.6,Low,2023,2023-11,False
2023-11-22,Healthcare,Europe,64.34,-0.007437160151367227,1368861.0,0.073,56.9,Low,2023,2023-11,False
2023-11-23,Consumer,US,138.94,0.019584352477046266,276845.0,0.142,47.5,High,2023,2023-11,True
2023-11-25,Consumer,US,120.54,-0.010912686831550635,602582.0,0.455,73.2,Medium,2023,2023-11,False
2023-11-25,Finance,US,164.48,0.0021234356325548235,293377.0,0.609,58.3,High,2023,2023-11,True
2023-11-26,Technology,Europe,79.12,0.02249879707525285,716639.0,0.005,50.7,Low,2023,2023-11,True
2023-11-27,Finance,Europe,158.82,0.00039793260182798213,540420.0,-0.271,29.6,Low,2023,2023-11,True
2023-11-28,Finance,Asia,131.72,-0.0039164521548155536,266368.0,-0.472,51.8,Low,2023,2023-11,False
2023-11-29,Healthcare,US,76.94,0.01323794761220396,418149.0,0.278,71.7,Medium,2023,2023-11,True
2023-11-30,Energy,US,120.53,-0.00800624180562526,661007.0,-0.379,41.7,Low,2023,2023-11,False
2023-12-01,Consumer,Europe,97.59,0.010505527636029393,499289.0,0.116,50.6,Medium,2023,2023-12,True
2023-12-01,Consumer,Asia,91.25,0.007622377562814534,1052155.0,-0.126,37.6,Medium,2023,2023-12,True
2023-12-04,Energy,US,78.74,0.00023416797172417782,514060.0,-0.48,27.6,Medium,2023,2023-12,True
2023-12-05,Consumer,US,94.27,-0.014170813749892637,815951.0,-0.256,41.1,Low,2023,2023-12,False
2023-12-05,Healthcare,US,94.89,-0.005970527644295562,822854.0,0.693,70.7,High,2023,2023-12,False
2023-12-06,Finance,Asia,122.31,0.01622993514193719,324392.0,-0.497,53.1,Medium,2023,2023-12,True
2023-12-06,Energy,US,40.11,-0.013288599827006654,446543.0,-0.471,16.8,High,2023,2023-12,False
2023-12-06,Technology,US,85.23,0.004367089331469211,648477.0,-0.308,42.0,Medium,2023,2023-12,True
2023-12-07,Finance,US,219.97,0.02867055969575368,422169.0,0.826,71.4,Low,2023,2023-12,True
2023-12-07,Energy,Asia,113.14,-0.00754774574703979,1050697.0,0.333,36.7,Low,2023,2023-12,False
2023-12-08,Technology,Asia,22.08,0.00021582092491252442,787180.0,0.094,49.8,High,2023,2023-12,True
2023-12-08,Healthcare,Europe,97.25,-0.03737431896391446,657322.0,1.0,100.0,Medium,2023,2023-12,False
2023-12-09,Energy,US,81.6,-0.004257858911071236,354771.0,-0.143,57.1,Medium,2023,2023-12,False
2023-12-09,Healthcare,Europe,115.96,0.01747370718418396,790382.0,-0.487,41.8,High,2023,2023-12,True
2023-12-10,Consumer,Europe,192.4,0.016719683412947738,230274.0,-0.191,55.2,High,2023,2023-12,True
2023-12-11,Technology,Asia,183.85,0.01893123357150635,342086.0,0.188,59.5,Low,2023,2023-12,True
2023-12-11,Consumer,US,333.23,-0.008176455094221114,668230.0,-0.162,47.9,Medium,2023,2023-12,False
2023-12-12,Energy,US,140.82,0.0044342529328369054,330126.0,0.37,63.8,Medium,2023,2023-12,True
2023-12-12,Finance,US,239.45,-0.017109666673669477,356662.0,0.207,65.8,Low,2023,2023-12,False
2023-12-13,Consumer,US,36.73,-0.01596873822526177,333395.0,-0.515,36.8,High,2023,2023-12,False
2023-12-13,Finance,US,218.02,-0.010178221084143287,1109523.0,0.233,72.0,Low,2023,2023-12,False
2023-12-14,Finance,US,170.1,-0.011453313993881827,232913.0,0.124,65.8,Medium,2023,2023-12,False
2023-12-16,Energy,Asia,78.32,-0.010140805902921324,302049.0,0.048,31.2,Low,2023,2023-12,False
2023-12-16,Consumer,Asia,164.99,0.002661748175820943,579629.0,-0.279,23.5,Low,2023,2023-12,True
2023-12-16,Healthcare,Asia,104.21,0.02242113366838875,179693.0,0.696,77.6,High,2023,2023-12,True
2023-12-19,Consumer,US,104.57,0.006265248145605465,893680.0,-0.074,33.2,Low,2023,2023-12,True
2023-12-20,Technology,US,100.19,0.03335411312802493,391546.0,-0.11,53.3,Medium,2023,2023-12,True
2023-12-21,Consumer,Asia,179.12,0.012365562713433793,526589.0,0.144,60.1,Medium,2023,2023-12,True
2023-12-22,Healthcare,Asia,78.77,-0.01213422368330632,302019.0,0.596,59.7,Low,2023,2023-12,False
2023-12-22,Technology,US,131.48,-0.005912243062363766,488813.0,-0.102,47.2,Medium,2023,2023-12,False
2023-12-23,Finance,US,239.33,-0.01429464411115244,161626.0,0.255,67.9,Medium,2023,2023-12,False
2023-12-23,Technology,Europe,25.82,0.004695330348666685,612925.0,0.521,54.1,High,2023,2023-12,True
2023-12-25,Energy,Asia,106.91,-0.0104909324586487,396255.0,-0.203,45.9,Low,2023,2023-12,False
2023-12-25,Energy,US,106.91,-0.005664095121978117,469075.0,-0.511,15.2,Low,2023,2023-12,False
2023-12-27,Energy,US,88.88,-0.013107867781854035,77395.0,0.408,58.8,High,2023,2023-12,False
2023-12-27,Finance,Europe,138.41,-0.004629676459275423,481462.0,-0.075,51.7,Medium,2023,2023-12,False
2023-12-27,Healthcare,US,129.85,0.004834595482754995,821611.0,0.761,67.0,Medium,2023,2023-12,True
2023-12-28,Technology,US,67.91,0.0013175632245853628,127061.0,-0.014,44.0,Medium,2023,2023-12,True
2023-12-29,Finance,Asia,56.04,-0.07020295087695096,387840.0,0.176,66.1,Low,2023,2023-12,False
2023-12-30,Healthcare,US,153.62,0.006730472226049761,236818.0,0.507,58.8,Medium,2023,2023-12,True
2023-12-30,Consumer,US,82.25,0.007692617210578637,180369.0,-0.255,43.8,Low,2023,2023-12,True
2023-12-30,Consumer,Europe,233.61,-0.03284744423487123,421480.0,0.109,43.0,Low,2023,2023-12,False
2023-12-31,Technology,US,106.39,-0.0364091063923484,611696.0,0.567,73.7,Medium,2023,2023-12,False
2024-01-01,Finance,US,47.12,0.00941387007419377,177274.0,-0.371,25.4,Medium,2024,2024-01,True
2024-01-02,Healthcare,US,58.19,-0.023586230950071334,221008.0,-0.027,48.9,Medium,2024,2024-01,False
2024-01-02,Healthcare,US,64.58,-0.003191469682262618,381178.0,0.455,70.6,Low,2024,2024-01,False
2024-01-03,Healthcare,US,134.14,-0.029021760355585444,251692.0,-0.396,44.9,Low,2024,2024-01,False
2024-01-03,Finance,US,166.14,0.013039604281296434,3296107.0,0.233,46.8,Low,2024,2024-01,True
2024-01-03,Finance,US,57.04,0.001635345217172429,301647.0,-0.393,59.0,Low,2024,2024-01,True
2024-01-04,Technology,Asia,51.4,0.003265894822755317,389850.0,-0.079,47.8,Medium,2024,2024-01,True
2024-01-04,Energy,US,155.96,-0.028774380994168076,393420.0,-0.326,29.8,High,2024,2024-01,False
2024-01-04,Finance,Europe,40.99,-0.029878921721629013,668462.0,-0.619,27.4,Medium,2024,2024-01,False
2024-01-04,Energy,Europe,64.91,0.015963450605119802,1451735.0,-0.241,48.6,Low,2024,2024-01,True
2024-01-05,Healthcare,Europe,267.2,-0.02133345067898173,173446.0,0.192,82.1,High,2024,2024-01,False
2024-01-05,Energy,US,134.8,0.024471807754337646,302502.0,-0.319,32.5,Medium,2024,2024-01,True
2024-01-05,Technology,US,45.68,0.020913454166864066,1642919.0,0.118,60.1,Medium,2024,2024-01,True
2024-01-05,Energy,Asia,185.37,-0.0025784084827174545,337002.0,-0.109,50.3,High,2024,2024-01,False
2024-01-06,Energy,US,126.97,-0.00837675525281883,408907.0,0.106,45.5,High,2024,2024-01,False
2024-01-07,Healthcare,Europe,226.9,-0.02028474940311628,180886.0,-0.053,23.1,Medium,2024,2024-01,False
2024-01-07,Energy,US,180.81,-0.010570698911358827,121185.0,0.19,63.6,High,2024,2024-01,False
2024-01-07,Technology,US,136.09,-0.0011273528898476516,327954.0,0.16,40.8,Medium,2024,2024-01,False
2024-01-07,Technology,Asia,80.29,0.016154962616329146,193257.0,0.317,66.7,Medium,2024,2024-01,True
2024-01-08,Energy,US,118.77,0.011282068479246501,301636.0,-0.244,55.1,High,2024,2024-01,True
2024-01-09,Healthcare,Asia,65.58,-0.03390099957466033,208845.0,-0.141,47.5,Medium,2024,2024-01,False
2024-01-10,Healthcare,Asia,168.84,0.008876808628237188,223795.0,0.01,61.6,Low,2024,2024-01,True
2024-01-10,Energy,Asia,92.05,0.012014744686696253,1301469.0,-0.038,52.6,High,2024,2024-01,True
2024-01-11,Technology,Europe,92.73,0.006283076535226349,124103.0,-0.23,49.7,Medium,2024,2024-01,True
2024-01-11,Energy,US,194.15,-0.018231987440277417,425127.0,-0.132,36.1,Low,2024,2024-01,False
2024-01-14,Finance,US,129.39,0.015155139179824756,1028337.0,0.588,65.9,Medium,2024,2024-01,True
2024-01-16,Technology,Europe,208.69,-0.016122455090452428,557399.0,-0.059,35.8,Low,2024,2024-01,False
2024-01-16,Consumer,US,118.98,-0.008944074674466314,1034256.0,0.111,73.4,Low,2024,2024-01,False
2024-01-17,Finance,US,354.96,-0.027615591616104954,503349.0,-0.148,29.4,Medium,2024,2024-01,False
2024-01-18,Finance,Asia,179.66,0.010817510681404964,405256.0,-0.064,47.1,Medium,2024,2024-01,True
2024-01-18,Consumer,Europe,276.62,-0.0221491548219028,224804.0,0.373,75.1,Low,2024,2024-01,False
2024-01-18,Finance,US,139.91,0.0115589272267014,795830.0,-0.635,48.8,Medium,2024,2024-01,True
2024-01-19,Consumer,US,55.55,0.008893288084759633,252606.0,-0.119,65.5,Medium,2024,2024-01,True
2024-01-21,Healthcare,US,379.08,0.032900435025737446,734218.0,-0.233,42.5,Medium,2024,2024-01,True
2024-01-21,Finance,Europe,92.03,-0.02605070439420462,335480.0,0.543,56.5,High,2024,2024-01,False
2024-01-22,Consumer,US,269.13,-0.01966877382333774,267164.0,0.776,61.9,Medium,2024,2024-01,False
2024-01-22,Energy,US,71.85,0.0009195475227227797,296144.0,-0.752,19.1,Medium,2024,2024-01,True
2024-01-23,Technology,Europe,32.04,0.010855759782411937,205027.0,-0.187,36.9,Medium,2024,2024-01,True
2024-01-23,Consumer,US,120.42,-0.029016949319192013,366277.0,0.494,56.8,High,2024,2024-01,False
2024-01-24,Finance,US,41.57,-0.009819095555197735,616708.0,-0.333,36.8,Medium,2024,2024-01,False
2024-01-26,Consumer,US,91.9,0.014660443882854694,880221.0,0.067,64.6,High,2024,2024-01,True
2024-01-27,Finance,US,120.1,-0.007073884148909334,217016.0,-0.737,32.9,Medium,2024,2024-01,False
2024-01-27,Healthcare,Asia,48.0,-0.018813827462592986,193708.0,-0.254,39.1,High,2024,2024-01,False
2024-01-30,Finance,Asia,136.7,0.04245147833409137,711053.0,-0.253,39.2,Low,2024,2024-01,True
2024-01-30,Technology,US,75.74,-0.001695996227824975,660803.0,0.598,63.8,Low,2024,2024-01,False
2024-01-30,Energy,US,95.1,0.001232347324074015,1108684.0,-0.006,43.4,Low,2024,2024-01,True
2024-01-30,Technology,Asia,37.05,0.018586952251065485,676471.0,0.294,78.4,High,2024,2024-01,True
2024-01-31,Energy,US,290.97,-0.010939203426841317,515951.0,-0.138,22.2,Low,2024,2024-01,False
2024-02-01,Energy,Asia,374.45,0.008119746387317663,200988.0,0.072,52.2,Low,2024,2024-02,True
2024-02-01,Finance,US,92.3,0.005577766414615098,358720.0,-0.271,43.1,Medium,2024,2024-02,True
2024-02-02,Finance,Europe,50.82,0.002779400420168244,148526.0,1.0,83.8,High,2024,2024-02,True
2024-02-03,Finance,Europe,178.33,-0.014861501896478196,908074.0,-0.332,43.0,Medium,2024,2024-02,False
2024-02-03,Finance,Europe,128.8,0.039128866053188986,349998.0,0.502,77.8,High,2024,2024-02,True
2024-02-04,Technology,Europe,125.51,0.008616343884840044,780388.0,0.043,50.7,High,2024,2024-02,True
2024-02-05,Finance,Europe,84.67,-0.0040323293147308025,2614175.0,0.454,53.5,Medium,2024,2024-02,False
2024-02-05,Energy,US,96.19,-0.030866453431455578,308237.0,-0.003,35.4,Medium,2024,2024-02,False
2024-02-09,Energy,Asia,149.44,0.007933457423862644,907827.0,-0.358,37.8,High,2024,2024-02,True
2024-02-09,Healthcare,US,52.79,-0.0068810700639563875,726970.0,-0.057,61.1,Low,2024,2024-02,False
2024-02-09,Technology,Asia,149.91,-0.007057327036071595,1142227.0,-0.282,39.1,Low,2024,2024-02,False
2024-02-10,Finance,Europe,100.9,0.003189754093113374,441667.0,0.425,94.3,High,2024,2024-02,True
2024-02-11,Finance,US,143.28,-0.002259792760497899,881973.0,-0.447,30.8,Medium,2024,2024-02,False
2024-02-11,Energy,Europe,37.63,0.0245804522480873,1035034.0,0.474,46.9,Medium,2024,2024-02,True
2024-02-11,Healthcare,Europe,169.11,0.0010683086532430406,415665.0,0.073,69.5,Low,2024,2024-02,True
2024-02-12,Technology,US,37.49,0.026320275540643513,216633.0,0.163,59.9,Medium,2024,2024-02,True
2024-02-12,Technology,US,220.99,-0.025667823552954532,137202.0,0.134,59.5,High,2024,2024-02,False
2024-02-13,Healthcare,US,119.53,0.026451535325629157,239518.0,-0.775,23.0,Medium,2024,2024-02,True
2024-02-14,Technology,US,65.0,0.0016785376853482405,702876.0,0.069,54.9,Low,2024,2024-02,True
2024-02-14,Healthcare,US,68.15,0.01993432621184296,436457.0,0.165,79.6,Low,2024,2024-02,True
2024-02-15,Finance,US,46.36,0.00886168179959155,1626421.0,0.222,54.8,Medium,2024,2024-02,True
2024-02-16,Technology,Asia,34.47,0.009902750500832069,339458.0,-0.276,27.8,Medium,2024,2024-02,True
2024-02-16,Healthcare,US,63.46,0.006408911620123746,604549.0,0.005,70.6,High,2024,2024-02,True
2024-02-16,Finance,Europe,95.08,0.018593652289881836,456527.0,0.231,45.0,Low,2024,2024-02,True
2024-02-17,Healthcare,Asia,100.21,0.020545317493713796,582478.0,0.144,57.5,Medium,2024,2024-02,True
2024-02-17,Finance,US,216.88,0.022932299651083055,451194.0,-0.744,1.2,Medium,2024,2024-02,True
2024-02-17,Healthcare,US,177.09,0.015010577694269906,329087.0,-0.474,40.2,Low,2024,2024-02,True
2024-02-19,Energy,US,144.58,-0.009199770512430618,204490.0,0.233,54.6,Low,2024,2024-02,False
2024-02-20,Consumer,US,125.28,-0.015084941249446324,862098.0,0.144,60.3,High,2024,2024-02,False
2024-02-20,Technology,Asia,259.95,0.03150019154100662,1373066.0,0.161,49.6,Medium,2024,2024-02,True
2024-02-20,Technology,US,156.43,0.005881909578266102,507386.0,-0.048,65.8,Low,2024,2024-02,True
2024-02-21,Technology,US,72.35,0.010885933768166767,271582.0,-0.391,45.7,High,2024,2024-02,True
2024-02-22,Energy,Europe,63.87,-0.009249484289348842,208333.0,0.272,63.1,Medium,2024,2024-02,False
2024-02-23,Energy,Asia,102.77,-0.008001402798309248,919752.0,0.351,77.7,Medium,2024,2024-02,False
2024-02-23,Healthcare,US,171.37,0.01036991543048401,533606.0,0.191,40.5,Medium,2024,2024-02,True
2024-02-23,Energy,US,199.0,0.035396611636267575,543721.0,-0.145,42.3,Medium,2024,2024-02,True
2024-02-25,Healthcare,US,141.2,0.0008384655941518606,735644.0,0.29,67.8,High,2024,2024-02,True
2024-02-25,Technology,Asia,144.33,-0.014244348758874141,539421.0,0.156,51.1,High,2024,2024-02,False
2024-02-25,Healthcare,US,57.8,0.016436401207483547,376337.0,-0.329,58.3,Low,2024,2024-02,True
2024-02-26,Consumer,Asia,62.85,0.014597509268813777,334414.0,0.459,58.6,Low,2024,2024-02,True
2024-02-26,Finance,US,319.06,-0.0031198480526866317,656832.0,0.448,54.6,High,2024,2024-02,False
2024-02-27,Energy,US,146.15,0.007494294426768951,470005.0,0.138,36.4,High,2024,2024-02,True
2024-02-27,Finance,Asia,106.24,-0.05133184693762161,271505.0,-0.132,54.7,Medium,2024,2024-02,False
2024-03-04,Energy,US,260.06,0.018214472128982466,379182.0,-0.177,47.5,Low,2024,2024-03,True
2024-03-06,Healthcare,US,42.56,0.019261047345329733,621144.0,0.417,56.7,Medium,2024,2024-03,True
2024-03-07,Finance,Europe,71.32,0.016474526665618935,458512.0,-0.182,42.1,High,2024,2024-03,True
2024-03-07,Consumer,US,114.22,0.018430761750211345,526911.0,0.02,62.1,Low,2024,2024-03,True
2024-03-08,Energy,US,182.84,0.004304480085041521,820505.0,0.479,92.7,Low,2024,2024-03,True
2024-03-09,Energy,Asia,75.81,0.01747854882749412,488541.0,-0.091,31.9,Low,2024,2024-03,True
2024-03-10,Consumer,US,184.63,-0.022179737969279457,500685.0,-0.032,27.2,Medium,2024,2024-03,False
2024-03-10,Technology,US,84.73,-0.002271595618700962,715226.0,-0.03,35.7,Medium,2024,2024-03,False
2024-03-10,Healthcare,US,95.35,-0.004741257200399661,1043833.0,0.243,57.6,Low,2024,2024-03,False
2024-03-10,Finance,US,52.09,-0.004017948361961968,231279.0,-0.033,38.2,Medium,2024,2024-03,False
2024-03-11,Technology,US,104.71,0.0023744336604292573,484571.0,-0.15,59.5,Medium,2024,2024-03,True
2024-03-12,Healthcare,US,531.03,-0.011090472067985219,593252.0,-0.234,49.1,Low,2024,2024-03,False
2024-03-12,Healthcare,Europe,76.61,0.008849782330673343,168222.0,0.393,36.7,Low,2024,2024-03,True
2024-03-12,Finance,US,174.9,0.010360022283858376,405369.0,-0.53,25.8,Medium,2024,2024-03,True
2024-03-13,Finance,Asia,54.61,-0.006183336858089984,335507.0,0.37,49.1,Low,2024,2024-03,False
2024-03-15,Healthcare,Europe,146.61,-0.00717923450039695,1048450.0,0.088,36.5,Low,2024,2024-03,False
2024-03-17,Finance,Europe,150.86,-0.024005810271581843,988643.0,1.0,77.7,High,2024,2024-03,False
2024-03-17,Consumer,Asia,42.11,0.006139682807858725,246799.0,-0.814,29.0,High,2024,2024-03,True
2024-03-18,Consumer,Europe,176.78,0.00025297023612234047,289138.0,0.381,72.1,Low,2024,2024-03,True
2024-03-20,Energy,Asia,65.04,0.007679028096207353,168269.0,0.049,38.4,Low,2024,2024-03,True
2024-03-20,Consumer,US,87.23,0.007109474539836049,717936.0,-0.539,30.4,High,2024,2024-03,True
2024-03-20,Consumer,US,97.09,-0.011773821091904613,645125.0,0.526,86.8,Medium,2024,2024-03,False
2024-03-21,Healthcare,Asia,83.86,0.00931132647208321,653213.0,0.223,60.5,Low,2024,2024-03,True
2024-03-21,Finance,Europe,106.45,0.013829796058742136,1452323.0,0.14,51.2,Low,2024,2024-03,True
2024-03-22,Technology,US,49.43,-0.008930464377284498,819659.0,-0.018,29.1,Low,2024,2024-03,False
2024-03-22,Finance,US,96.52,-0.0190654533947032,366558.0,0.351,42.8,Medium,2024,2024-03,False
2024-03-22,Technology,Europe,112.23,0.013812658129558973,379889.0,0.047,56.0,Low,2024,2024-03,True
2024-03-23,Finance,US,79.6,-0.009265401150938062,114091.0,0.551,63.4,High,2024,2024-03,False
2024-03-23,Healthcare,Asia,54.8,0.013065105983522696,945747.0,0.482,54.7,Medium,2024,2024-03,True
2024-03-23,Finance,US,88.24,0.03908201330758665,515258.0,0.458,43.5,Low,2024,2024-03,True
2024-03-24,Consumer,US,36.56,0.015428925690033036,564873.0,0.509,75.8,Medium,2024,2024-03,True
2024-03-24,Healthcare,Asia,100.91,-0.009681233660739492,719698.0,0.066,49.7,Medium,2024,2024-03,False
2024-03-24,Healthcare,Asia,129.23,-0.01941853766312806,946379.0,0.338,68.6,Low,2024,2024-03,False
2024-03-25,Consumer,US,238.7,0.016641337588742734,588920.0,0.034,30.7,High,2024,2024-03,True
2024-03-26,Technology,US,306.18,0.010870776872137881,462903.0,0.171,60.5,Low,2024,2024-03,True
2024-03-26,Consumer,US,103.28,0.00522369074773409,225951.0,0.093,69.0,High,2024,2024-03,True
2024-03-27,Finance,US,81.37,0.006036754532823244,674501.0,-0.245,65.4,Medium,2024,2024-03,True
2024-03-28,Energy,Asia,190.61,0.00425842087150839,1180604.0,0.089,58.1,High,2024,2024-03,True
2024-03-28,Healthcare,US,65.16,-0.0029972669945528352,945139.0,-0.699,14.8,Low,2024,2024-03,False
2024-03-29,Energy,US,164.04,-0.03364866039522323,1276589.0,-0.002,57.3,Low,2024,2024-03,False
2024-03-30,Healthcare,Europe,147.83,0.011025999069857488,659606.0,-0.283,40.4,Medium,2024,2024-03,True
2024-03-30,Technology,US,79.37,0.00865992787756367,963833.0,0.098,76.7,Low,2024,2024-03,True
2024-03-31,Energy,US,67.16,-0.0008383139163384038,186988.0,0.524,79.9,Medium,2024,2024-03,False
2024-03-31,Technology,US,146.98,-0.01971894881740796,208017.0,-0.313,38.2,High,2024,2024-03,False
2024-03-31,Technology,US,113.12,0.0013478274373038802,353932.0,-0.094,43.3,High,2024,2024-03,True
2024-03-31,Consumer,Europe,93.82,-0.006870409077017219,296150.0,-0.291,45.1,Medium,2024,2024-03,False
2024-04-02,Healthcare,US,64.48,-0.005534377344918977,314547.0,-0.113,39.0,Low,2024,2024-04,False
2024-04-03,Consumer,Europe,150.9,-0.013716222372006403,367519.0,0.015,64.7,Medium,2024,2024-04,False
2024-04-04,Energy,US,87.19,0.03252724833142758,272526.0,0.342,40.0,Medium,2024,2024-04,True
2024-04-04,Finance,US,56.97,-0.0020410143140068126,1007196.0,-0.1,56.8,Low,2024,2024-04,False
2024-04-04,Healthcare,Europe,54.61,0.014541439792695085,107525.0,0.093,51.4,Low,2024,2024-04,True
2024-04-06,Finance,US,112.41,-0.0007369579538951236,224633.0,0.228,77.7,High,2024,2024-04,False
2024-04-07,Finance,Europe,49.8,0.01667186007651277,225863.0,-0.465,9.1,High,2024,2024-04,True
2024-04-07,Healthcare,US,188.81,0.007467317034949913,431326.0,0.499,61.6,High,2024,2024-04,True
2024-04-07,Consumer,US,251.85,-0.015775875507251142,284403.0,-0.061,31.1,Medium,2024,2024-04,False
2024-04-07,Finance,Asia,85.36,0.019072834512944548,865481.0,0.337,62.4,Medium,2024,2024-04,True
2024-04-08,Healthcare,US,135.36,-0.013541587180614436,255489.0,0.318,67.7,Medium,2024,2024-04,False
2024-04-08,Healthcare,US,36.62,0.024698466213312956,308862.0,0.753,80.5,Low,2024,2024-04,True
2024-04-08,Healthcare,US,130.23,-0.0027381703943656155,231273.0,0.07,41.2,Medium,2024,2024-04,False
2024-04-09,Consumer,Europe,115.11,0.0055864831318928375,739717.0,-0.321,45.3,Medium,2024,2024-04,True
2024-04-09,Consumer,Europe,57.47,0.027751312885137575,698078.0,-0.197,47.4,Medium,2024,2024-04,True
2024-04-10,Technology,US,62.57,-0.010330276402868543,496449.0,0.283,40.7,Low,2024,2024-04,False
2024-04-10,Finance,Asia,54.71,-0.004561942912323141,747740.0,0.355,17.2,High,2024,2024-04,False
2024-04-11,Technology,Asia,70.39,-0.011889676451372531,309418.0,-0.443,33.0,Low,2024,2024-04,False
2024-04-11,Technology,US,205.17,-0.018581745490777363,360732.0,0.57,71.3,Medium,2024,2024-04,False
2024-04-11,Energy,Europe,107.37,0.026553762297831497,1245251.0,0.082,52.6,Low,2024,2024-04,True
2024-04-12,Energy,Asia,137.51,-0.014339287936885253,714918.0,-0.184,50.8,Medium,2024,2024-04,False
2024-04-13,Consumer,US,85.71,0.015180160262213804,262442.0,-0.279,43.6,Low,2024,2024-04,True
2024-04-14,Technology,Asia,68.67,0.0045347139656966556,414571.0,0.658,77.0,Medium,2024,2024-04,True
2024-04-15,Healthcare,Asia,43.15,0.010841052826404358,350646.0,0.49,63.5,Low,2024,2024-04,True
2024-04-15,Energy,Asia,66.32,0.0012676388448572562,839014.0,0.053,58.6,Medium,2024,2024-04,True
2024-04-15,Finance,Europe,209.83,-0.01676733445258587,182429.0,0.173,58.4,Low,2024,2024-04,False
2024-04-16,Energy,Europe,171.39,0.005592105134667196,569856.0,0.456,57.8,High,2024,2024-04,True
2024-04-16,Technology,US,148.35,0.0016930572933553942,484472.0,0.16,48.0,Medium,2024,2024-04,True
2024-04-16,Finance,Asia,67.96,-0.0016762549195296873,457863.0,0.381,63.7,Medium,2024,2024-04,False
2024-04-17,Healthcare,Europe,123.42,0.008915540954881607,561718.0,0.141,38.3,High,2024,2024-04,True
2024-04-17,Finance,US,91.46,0.014130680422748247,667081.0,-0.008,54.8,Low,2024,2024-04,True
2024-04-18,Consumer,Europe,68.97,0.026881396773328965,308358.0,-0.05,59.4,Medium,2024,2024-04,True
2024-04-19,Energy,US,45.78,-0.027239145539485102,257389.0,0.152,66.1,Medium,2024,2024-04,False
2024-04-19,Healthcare,Europe,190.05,-0.008043016195986439,262871.0,-0.373,19.4,Low,2024,2024-04,False
2024-04-20,Technology,US,53.91,0.021835254658387794,1197560.0,-0.52,27.2,Medium,2024,2024-04,True
2024-04-22,Healthcare,Asia,116.43,-0.03518900958588454,224361.0,0.524,46.3,High,2024,2024-04,False
2024-04-22,Energy,US,264.05,0.007046819767239848,130559.0,-0.127,54.6,Low,2024,2024-04,True
2024-04-23,Consumer,US,70.64,0.02499308684362621,265419.0,-0.312,29.3,Medium,2024,2024-04,True
2024-04-24,Finance,US,252.7,0.00425826306248585,350222.0,-0.762,43.4,Medium,2024,2024-04,True
2024-04-25,Finance,US,101.54,-0.008579228571919478,673129.0,-0.153,48.1,Medium,2024,2024-04,False
2024-04-25,Healthcare,US,80.5,0.0032795677465887836,1511708.0,0.16,69.6,Medium,2024,2024-04,True
2024-04-26,Consumer,US,134.35,0.0062851677252193,591236.0,-0.049,44.3,Medium,2024,2024-04,True
2024-04-26,Healthcare,US,52.06,-0.026086044475742715,974588.0,-0.093,43.6,Low,2024,2024-04,False
2024-04-26,Technology,US,158.31,-0.012206572981456859,220920.0,0.32,55.3,High,2024,2024-04,False
2024-04-27,Consumer,Asia,100.15,-0.014461982002200068,631169.0,-0.016,36.9,Low,2024,2024-04,False
2024-04-27,Energy,US,120.03,-0.02178045821837706,164192.0,-0.631,29.6,Low,2024,2024-04,False
2024-04-28,Technology,US,118.0,-0.028798027657623154,217104.0,0.66,93.3,Medium,2024,2024-04,False
2024-04-28,Finance,US,101.08,0.03407207398416055,664506.0,-0.29,34.8,Low,2024,2024-04,True
2024-04-29,Consumer,Asia,123.13,0.01286442032363957,179062.0,0.021,62.3,Medium,2024,2024-04,True
2024-05-01,Healthcare,US,104.97,0.0183714188617607,527974.0,0.418,74.7,Medium,2024,2024-05,True
2024-05-01,Finance,Europe,172.53,0.02803892850060621,509556.0,-0.08,46.0,Low,2024,2024-05,True
2024-05-02,Healthcare,US,199.39,0.03416603497164086,1082422.0,0.097,56.5,Low,2024,2024-05,True
2024-05-02,Consumer,US,71.11,0.02984721576310905,156072.0,-0.535,21.1,Medium,2024,2024-05,True
2024-05-03,Healthcare,Asia,59.93,0.02402731569749706,368360.0,0.472,92.4,Low,2024,2024-05,True
2024-05-03,Energy,US,152.0,0.007029985741357468,379401.0,0.038,55.0,High,2024,2024-05,True
2024-05-05,Energy,Europe,73.92,0.0015597956931518394,168853.0,0.031,58.6,High,2024,2024-05,True
2024-05-07,Consumer,Europe,54.42,0.012684092398525311,1220869.0,-0.073,42.7,Medium,2024,2024-05,True
2024-05-07,Energy,Europe,74.0,-0.006633200724879345,937060.0,-0.245,14.8,High,2024,2024-05,False
2024-05-07,Energy,US,46.77,-0.028682004777897518,653032.0,0.753,73.4,High,2024,2024-05,False
2024-05-08,Healthcare,US,154.68,-0.003763249362160914,764370.0,0.072,29.9,Low,2024,2024-05,False
2024-05-09,Finance,US,107.2,-0.03322016184926423,251525.0,-0.114,28.3,Medium,2024,2024-05,False
2024-05-10,Technology,US,186.7,-0.002550793446085122,332030.0,-0.155,46.9,Low,2024,2024-05,False
2024-05-10,Healthcare,US,127.28,-0.016966160864563155,547622.0,0.019,50.3,Low,2024,2024-05,False
2024-05-11,Consumer,US,121.93,0.004512644395768986,1016190.0,0.116,25.8,High,2024,2024-05,True
2024-05-11,Technology,US,132.38,-0.06254952549308888,402372.0,-0.18,47.6,Medium,2024,2024-05,False
2024-05-12,Finance,US,129.78,0.041293276076271736,476658.0,0.305,63.0,Low,2024,2024-05,True
2024-05-13,Technology,Asia,91.87,0.014822417253692023,1348006.0,-0.128,41.0,Medium,2024,2024-05,True
2024-05-13,Technology,US,335.8,-0.025042571372407278,564876.0,-0.69,20.6,Medium,2024,2024-05,False
2024-05-15,Finance,Asia,408.78,0.016917094050158375,482371.0,-0.131,48.9,Medium,2024,2024-05,True
2024-05-15,Energy,Europe,30.7,0.000665881080146084,2491635.0,0.134,55.9,Low,2024,2024-05,True
2024-05-16,Energy,Europe,176.13,0.0016250457318542802,530581.0,-0.035,57.0,High,2024,2024-05,True
2024-05-17,Technology,Europe,76.2,0.02638054904405591,681328.0,0.384,51.1,Medium,2024,2024-05,True
2024-05-18,Energy,Europe,97.56,-0.025334950541911015,541893.0,0.098,79.6,Medium,2024,2024-05,False
2024-05-18,Healthcare,Europe,214.99,0.011773713490401268,408399.0,0.009,45.8,Medium,2024,2024-05,True
2024-05-19,Healthcare,US,174.81,0.033693129431522126,119108.0,0.058,57.5,Low,2024,2024-05,True
2024-05-20,Technology,US,41.31,-0.0035183208985117087,260845.0,0.635,67.2,Medium,2024,2024-05,False
2024-05-21,Healthcare,US,140.65,-0.013930321076278434,305499.0,0.158,60.2,Low,2024,2024-05,False
2024-05-21,Consumer,Europe,65.13,0.009813171509569587,677842.0,0.272,52.5,Medium,2024,2024-05,True
2024-05-22,Healthcare,US,106.7,0.00901918395243148,252109.0,0.511,57.7,Low,2024,2024-05,True
2024-05-23,Healthcare,US,236.46,-0.0059939332191233,962475.0,0.114,42.6,Medium,2024,2024-05,False
2024-05-23,Consumer,Europe,324.74,0.005917121042325802,1009922.0,-0.212,49.5,Medium,2024,2024-05,True
2024-05-23,Finance,Europe,134.27,-0.005766974403175014,449345.0,-0.307,42.2,Medium,2024,2024-05,False
2024-05-24,Finance,Europe,142.01,0.015936585645689234,1441162.0,0.06,52.5,Low,2024,2024-05,True
2024-05-24,Healthcare,US,174.04,-0.011083911824330862,469736.0,0.378,60.4,High,2024,2024-05,False
2024-05-24,Consumer,US,157.38,0.007937238352118613,2017576.0,-0.028,43.2,High,2024,2024-05,True
2024-05-25,Technology,US,111.08,-0.0016623464450595312,981944.0,0.29,57.9,Medium,2024,2024-05,False
2024-05-25,Consumer,US,125.55,0.009298361011252877,596875.0,0.662,60.5,Medium,2024,2024-05,True
2024-05-25,Technology,Europe,161.48,-0.01758363162321555,300938.0,-0.117,44.8,Medium,2024,2024-05,False
2024-05-25,Finance,Asia,170.05,-0.02864192604566755,920125.0,0.327,69.8,Low,2024,2024-05,False
2024-05-25,Technology,Asia,118.81,0.0020422030491912685,915457.0,-0.305,35.2,Low,2024,2024-05,True
2024-05-26,Energy,Europe,37.26,0.01676288157700292,750808.0,0.209,65.2,Low,2024,2024-05,True
2024-05-26,Technology,US,108.24,0.005489182420261995,418064.0,0.543,62.5,Medium,2024,2024-05,True
2024-05-27,Finance,US,82.51,-0.020332131252550425,290446.0,-0.137,48.4,Medium,2024,2024-05,False
2024-05-28,Finance,US,111.1,0.0008442067923762201,126271.0,0.384,49.3,High,2024,2024-05,True
2024-05-28,Healthcare,US,103.47,0.027368066936098782,319221.0,0.044,54.9,Medium,2024,2024-05,True
2024-05-28,Consumer,Asia,98.85,0.026310339959263743,516255.0,-0.353,40.4,High,2024,2024-05,True
2024-05-28,Healthcare,Europe,27.88,0.01614553278680745,415357.0,-0.12,20.9,High,2024,2024-05,True
2024-05-29,Finance,US,85.68,-0.012593622115298922,337412.0,0.149,53.7,Medium,2024,2024-05,False
2024-05-29,Energy,US,83.63,0.009381165773889259,895036.0,-0.11,47.8,Medium,2024,2024-05,True
2024-05-31,Energy,US,36.61,0.0019001898626771596,971907.0,0.337,56.6,Medium,2024,2024-05,True
2024-05-31,Consumer,Europe,341.72,0.03213496585377394,225338.0,0.149,43.0,High,2024,2024-05,True
2024-06-01,Healthcare,US,79.57,-0.005184083694210191,152313.0,-0.058,53.4,High,2024,2024-06,False
2024-06-01,Healthcare,US,526.88,0.02062918088942652,597325.0,0.058,79.6,High,2024,2024-06,True
2024-06-03,Technology,Asia,90.04,0.011690075684502636,169644.0,0.31,57.9,Low,2024,2024-06,True
2024-06-03,Finance,Europe,131.0,-0.022080049872943184,1493964.0,0.308,67.7,Low,2024,2024-06,False
2024-06-05,Healthcare,US,79.23,0.02949063136967628,1416928.0,-0.089,58.3,Low,2024,2024-06,True
2024-06-08,Technology,Europe,157.11,0.002139924965581597,409056.0,0.11,55.6,Medium,2024,2024-06,True
2024-06-08,Energy,Europe,151.41,-0.023588931197612486,218720.0,-0.405,40.4,Medium,2024,2024-06,False
2024-06-08,Consumer,US,98.94,0.017530387136468487,356298.0,-0.086,72.4,Medium,2024,2024-06,True
2024-06-09,Finance,US,108.36,0.01961280411718668,206726.0,0.485,74.1,High,2024,2024-06,True
2024-06-09,Energy,Asia,48.99,0.018354924231897825,691690.0,0.176,51.6,Low,2024,2024-06,True
2024-06-10,Technology,US,174.85,-0.003654661852039948,306600.0,0.374,60.2,Medium,2024,2024-06,False
2024-06-10,Technology,US,86.66,0.007524771006958526,204497.0,0.247,69.0,Medium,2024,2024-06,True
2024-06-10,Finance,US,312.8,-0.007302687420579924,820080.0,0.38,56.4,Medium,2024,2024-06,False
2024-06-12,Energy,US,263.4,-0.0022830032539467486,714949.0,0.073,30.5,Low,2024,2024-06,False
2024-06-12,Finance,US,101.59,0.0063555924765458655,136830.0,-0.256,40.4,Low,2024,2024-06,True
2024-06-13,Consumer,Europe,63.43,0.009780183824631446,516203.0,0.022,43.0,Medium,2024,2024-06,True
2024-06-16,Technology,US,146.62,0.016591302488937663,712921.0,-0.256,40.4,Medium,2024,2024-06,True
2024-06-19,Finance,Europe,189.66,0.00021378401212333102,1150474.0,0.361,73.4,Medium,2024,2024-06,True
2024-06-19,Finance,US,211.77,0.04097842568326639,818541.0,-0.167,59.5,High,2024,2024-06,True
2024-06-19,Consumer,Asia,71.47,-0.034428059258561954,1001285.0,-0.244,27.8,Low,2024,2024-06,False
2024-06-20,Technology,US,118.37,-0.010503623929564693,605068.0,0.137,59.9,High,2024,2024-06,False
2024-06-21,Technology,Europe,84.88,0.01017344587018705,741040.0,-0.207,50.0,High,2024,2024-06,True
2024-06-21,Energy,US,79.03,0.005374976359992748,279698.0,-0.406,29.7,Low,2024,2024-06,True
2024-06-23,Consumer,US,227.78,0.0018072356152343157,422340.0,-0.229,48.7,Low,2024,2024-06,True
2024-06-23,Technology,US,100.71,-0.03034492212968299,304165.0,-0.553,33.0,Low,2024,2024-06,False
2024-06-25,Finance,US,77.15,0.008085903741308777,370535.0,0.115,66.3,Low,2024,2024-06,True
2024-06-25,Finance,Europe,61.69,0.031684698702295774,273000.0,0.473,80.3,Low,2024,2024-06,True
2024-06-25,Energy,US,83.45,0.022427029169279935,543649.0,0.523,66.4,Medium,2024,2024-06,True
2024-06-28,Technology,Europe,86.03,0.027457334356302602,440541.0,-0.153,49.5,High,2024,2024-06,True
2024-06-29,Energy,Asia,55.57,0.005821418867025208,784118.0,-0.344,21.4,Medium,2024,2024-06,True
2024-07-01,Finance,US,156.66,-0.04814576333298758,191414.0,0.499,69.4,Medium,2024,2024-07,False
2024-07-01,Energy,US,133.7,0.0076706009772094155,433151.0,0.081,54.8,Low,2024,2024-07,True
2024-07-02,Energy,Europe,60.67,-0.004945784779238192,221496.0,0.396,77.0,High,2024,2024-07,False
2024-07-02,Healthcare,US,96.29,-0.006804028734233223,433582.0,-0.508,39.1,Low,2024,2024-07,False
2024-07-03,Finance,Asia,86.59,0.011891070404844684,91273.0,0.39,55.8,Medium,2024,2024-07,True
2024-07-03,Finance,US,83.83,-0.0187538833335668,1131292.0,0.22,44.0,High,2024,2024-07,False
2024-07-04,Energy,Asia,221.16,0.0190031621786295,174617.0,-0.392,32.0,Low,2024,2024-07,True
2024-07-04,Energy,Asia,85.01,-0.007436250739427453,446226.0,-0.116,44.7,Medium,2024,2024-07,False
2024-07-04,Technology,Europe,106.69,-0.02613060853044334,238984.0,0.778,78.3,Medium,2024,2024-07,False
2024-07-05,Finance,Europe,46.75,-0.0017722776981988098,479821.0,0.44,63.9,Low,2024,2024-07,False
2024-07-05,Energy,Europe,190.35,0.011227816991228007,1524617.0,0.008,25.0,Low,2024,2024-07,True
2024-07-06,Finance,Europe,298.7,-0.01678369538514478,344281.0,-0.122,58.0,High,2024,2024-07,False
2024-07-06,Finance,Europe,185.91,0.011111980573002986,699707.0,0.044,65.9,Medium,2024,2024-07,True
2024-07-07,Energy,US,133.19,0.005794400509160135,299669.0,-0.201,52.0,Low,2024,2024-07,True
2024-07-08,Finance,Asia,84.92,-0.020355178474369757,362297.0,-0.107,56.5,High,2024,2024-07,False
2024-07-09,Technology,US,71.07,-0.014215608766150002,860514.0,0.424,66.0,Low,2024,2024-07,False
2024-07-09,Healthcare,US,228.02,0.025087276064002777,1381662.0,-0.186,25.6,High,2024,2024-07,True
2024-07-10,Consumer,US,129.36,0.001490102570768899,286896.0,0.287,27.0,High,2024,2024-07,True
2024-07-12,Healthcare,US,68.75,-0.020540315172676616,1509177.0,0.2,72.5,Low,2024,2024-07,False
2024-07-12,Finance,US,135.75,-0.011503401286539983,1080973.0,0.101,50.5,Medium,2024,2024-07,False
2024-07-13,Consumer,US,160.16,-0.026552221834391473,531437.0,-0.86,44.1,Medium,2024,2024-07,False
2024-07-13,Finance,Europe,136.5,0.021078161903218044,260626.0,-0.187,44.1,Medium,2024,2024-07,True
2024-07-15,Energy,Europe,123.85,-0.028558352102478056,525252.0,0.11,66.1,Low,2024,2024-07,False
2024-07-16,Energy,US,314.9,-0.0011504032506069973,510907.0,0.225,75.5,Low,2024,2024-07,False
2024-07-16,Energy,Europe,170.87,0.009336909380692886,723409.0,0.26,57.8,Medium,2024,2024-07,True
2024-07-16,Consumer,US,15.47,0.006962845883173312,1391416.0,0.186,43.8,Medium,2024,2024-07,True
2024-07-17,Technology,Asia,81.26,-0.0056909382288615,509502.0,0.552,70.8,Low,2024,2024-07,False
2024-07-17,Finance,US,176.95,-0.006200558403035777,152188.0,-0.528,11.0,Low,2024,2024-07,False
2024-07-18,Healthcare,Europe,111.37,0.006896310415669092,210456.0,-0.141,63.2,Medium,2024,2024-07,True
2024-07-19,Consumer,Asia,95.52,0.028000642918191238,548976.0,-0.357,38.2,Medium,2024,2024-07,True
2024-07-20,Consumer,US,164.86,0.013434002122641373,707986.0,0.013,72.2,Medium,2024,2024-07,True
2024-07-20,Healthcare,US,73.07,0.007902793676881717,1105232.0,0.279,47.3,High,2024,2024-07,True
2024-07-20,Energy,US,123.59,-0.008189825709272805,618637.0,-0.288,50.1,Low,2024,2024-07,False
2024-07-20,Healthcare,Europe,83.54,0.01639328691741445,1229893.0,-0.325,13.8,Medium,2024,2024-07,True
2024-07-21,Technology,Europe,403.92,0.006739106002996264,390112.0,-0.178,41.2,Low,2024,2024-07,True
2024-07-21,Healthcare,Europe,53.33,0.010602793340924182,256482.0,-0.179,43.1,Medium,2024,2024-07,True
2024-07-21,Technology,Asia,138.48,-0.02452617750982735,529683.0,-0.003,60.3,Low,2024,2024-07,False
2024-07-21,Technology,Asia,65.77,0.02356594821142034,227890.0,0.143,59.0,Low,2024,2024-07,True
2024-07-22,Energy,US,125.89,-0.015589697672290867,354841.0,-0.049,47.7,High,2024,2024-07,False
2024-07-23,Energy,Asia,55.89,0.015660404011360624,447761.0,-0.647,20.2,Medium,2024,2024-07,True
2024-07-23,Technology,US,283.85,-0.00299542441153843,272872.0,0.201,62.5,Low,2024,2024-07,False
2024-07-26,Energy,US,109.81,-0.009936340628020558,367906.0,0.057,59.2,Medium,2024,2024-07,False
2024-07-26,Healthcare,US,137.25,0.023526076942021096,691271.0,0.081,47.4,Medium,2024,2024-07,True
2024-07-26,Technology,US,231.64,-0.016203948344521973,626168.0,-0.216,56.0,Medium,2024,2024-07,False
2024-07-27,Healthcare,Europe,214.05,0.008210776825530876,303769.0,0.749,98.8,Medium,2024,2024-07,True
2024-07-27,Finance,Asia,59.02,-0.015286672216305664,160280.0,0.251,56.1,Medium,2024,2024-07,False
2024-07-27,Technology,US,82.84,0.0031924060290219776,1392354.0,0.07,53.8,Medium,2024,2024-07,True
2024-07-28,Consumer,Asia,52.28,-0.0007971815336812018,294385.0,0.289,47.5,Low,2024,2024-07,False
2024-07-28,Healthcare,US,224.56,0.014367781444382204,1050529.0,-0.589,31.6,High,2024,2024-07,True
2024-07-29,Finance,US,169.42,0.036669937952435894,413667.0,-0.291,21.5,Low,2024,2024-07,True
2024-07-30,Energy,Europe,286.88,-0.007156032091033491,188877.0,0.396,52.5,Medium,2024,2024-07,False
2024-07-30,Energy,US,97.68,-0.0336586547917678,363338.0,0.111,61.5,High,2024,2024-07,False
2024-07-30,Healthcare,Europe,125.97,0.002006717921106835,260143.0,0.447,55.7,Medium,2024,2024-07,True
2024-07-30,Energy,US,70.89,-0.02959247902200203,315133.0,0.52,61.5,Medium,2024,2024-07,False
2024-07-31,Finance,Asia,111.9,-0.01625214362807765,881806.0,0.888,71.0,Medium,2024,2024-07,False
2024-08-01,Healthcare,US,215.71,0.0241336775617163,2412641.0,-0.004,49.9,Low,2024,2024-08,True
2024-08-02,Healthcare,Europe,125.9,0.007586495858680201,466538.0,-0.586,35.5,Low,2024,2024-08,True
2024-08-02,Technology,Asia,107.32,0.016040819036642583,491570.0,0.106,73.8,Medium,2024,2024-08,True
2024-08-03,Finance,Asia,45.39,0.011981081763721918,184634.0,-0.367,26.6,Medium,2024,2024-08,True
2024-08-04,Technology,Europe,104.93,-0.027094505307170134,531127.0,0.17,40.5,Low,2024,2024-08,False
2024-08-04,Consumer,Europe,167.93,0.01104916818859196,766987.0,0.361,52.0,Medium,2024,2024-08,True
2024-08-04,Technology,Europe,211.36,-0.02631328951426225,1250410.0,-0.04,53.2,Low,2024,2024-08,False
2024-08-05,Technology,US,90.45,0.007516627993057316,355896.0,-0.092,44.8,Medium,2024,2024-08,True
2024-08-05,Consumer,US,193.49,0.013222652558902499,348869.0,-0.146,25.4,Low,2024,2024-08,True
2024-08-07,Consumer,US,56.94,0.009084247509823166,578828.0,0.4,62.7,Low,2024,2024-08,True
2024-08-07,Technology,Asia,200.15,-0.006027638776968301,1283695.0,-0.436,29.2,High,2024,2024-08,False
2024-08-11,Healthcare,US,191.41,-1.4144910495302748e-05,627255.0,-0.006,50.6,High,2024,2024-08,False
2024-08-11,Energy,Asia,68.85,-0.025676311361706783,558350.0,-0.332,65.2,Medium,2024,2024-08,False
2024-08-12,Finance,Europe,139.42,0.031019120947630145,661344.0,0.179,52.0,Medium,2024,2024-08,True
2024-08-12,Finance,Asia,99.58,0.0015082796799273637,363524.0,0.294,55.5,Medium,2024,2024-08,True
2024-08-13,Consumer,Europe,179.77,-0.017492631091332696,335982.0,-0.135,39.4,High,2024,2024-08,False
2024-08-14,Technology,US,123.94,0.027876042740224448,621699.0,0.34,80.1,Medium,2024,2024-08,True
2024-08-15,Healthcare,US,178.82,-0.040743011084641484,557375.0,0.246,44.0,High,2024,2024-08,False
2024-08-16,Consumer,US,127.2,-0.02518727200622639,595125.0,-0.45,50.7,Medium,2024,2024-08,False
2024-08-16,Technology,Asia,124.22,-0.007739128132905663,495235.0,0.518,58.2,High,2024,2024-08,False
2024-08-16,Technology,Asia,82.14,-0.01363873011308157,341846.0,0.218,70.7,Medium,2024,2024-08,False
2024-08-17,Finance,Europe,123.78,0.006259989565791557,581498.0,-0.014,54.8,Low,2024,2024-08,True
2024-08-18,Finance,Asia,119.37,-0.0050760586092563,524359.0,-0.469,24.0,Medium,2024,2024-08,False
2024-08-18,Energy,Europe,93.41,0.03568648234732385,464070.0,0.411,52.0,Medium,2024,2024-08,True
2024-08-18,Finance,US,76.67,-0.0012413704493362118,688276.0,0.333,59.1,Low,2024,2024-08,False
2024-08-20,Technology,Europe,266.23,-0.01791260648573024,867461.0,0.121,65.6,Low,2024,2024-08,False
2024-08-21,Technology,Europe,59.7,-0.012932228706893454,425542.0,-0.43,32.7,High,2024,2024-08,False
2024-08-21,Finance,Asia,155.32,-0.011986812946776452,228178.0,0.264,57.0,High,2024,2024-08,False
2024-08-23,Technology,US,113.22,0.039814048799708124,255732.0,0.044,54.1,Medium,2024,2024-08,True
2024-08-25,Energy,Europe,70.17,-0.01082015697311836,216201.0,0.416,87.7,High,2024,2024-08,False
2024-08-26,Technology,US,112.11,0.007402899899558385,439589.0,-0.315,35.6,Low,2024,2024-08,True
2024-08-26,Finance,Europe,233.15,0.019830140423017638,269765.0,0.097,51.5,Medium,2024,2024-08,True
2024-08-27,Energy,US,116.27,-0.012021121175830058,258754.0,-0.105,31.6,Low,2024,2024-08,False
2024-08-27,Energy,US,110.86,0.001839676960986783,281645.0,0.602,67.9,High,2024,2024-08,True
2024-08-27,Consumer,US,107.46,-0.004371773890082396,385765.0,0.299,59.6,High,2024,2024-08,False
2024-08-28,Consumer,US,138.85,0.013993303580716295,606175.0,-0.156,30.6,Low,2024,2024-08,True
2024-08-29,Technology,US,123.69,0.015927853444056596,513704.0,-0.116,46.5,Medium,2024,2024-08,True
2024-09-01,Energy,US,214.95,-0.0022417417684788324,230221.0,-0.153,37.2,High,2024,2024-09,False
2024-09-04,Finance,Europe,113.59,0.00925801989422208,696589.0,-0.472,40.3,Medium,2024,2024-09,True
2024-09-04,Healthcare,US,83.5,0.003434628542025343,146881.0,0.381,77.4,Medium,2024,2024-09,True
2024-09-05,Healthcare,Asia,132.44,-0.018951712119253988,401702.0,0.235,67.5,Medium,2024,2024-09,False
2024-09-06,Healthcare,US,281.38,-0.03240244073343916,143819.0,0.22,56.0,Medium,2024,2024-09,False
2024-09-07,Consumer,US,160.32,-0.0009867028302752822,626537.0,-0.201,47.5,Medium,2024,2024-09,False
2024-09-08,Consumer,Asia,191.0,-0.0015640240917220805,204808.0,0.269,73.9,Medium,2024,2024-09,False
2024-09-08,Healthcare,Asia,156.36,0.014043340914932242,539971.0,0.238,34.1,Low,2024,2024-09,True
2024-09-09,Energy,US,90.21,-0.010472793852772246,520526.0,-0.359,34.2,Low,2024,2024-09,False
2024-09-09,Consumer,US,82.9,0.010297707627044598,448660.0,0.179,58.9,Medium,2024,2024-09,True
2024-09-09,Energy,US,109.27,-0.02865007030726442,238864.0,0.009,52.0,High,2024,2024-09,False
2024-09-10,Energy,US,90.24,-0.0032720364916790003,991585.0,0.191,24.5,Medium,2024,2024-09,False
2024-09-11,Technology,US,230.76,0.01474913407302406,344980.0,-0.303,54.5,Medium,2024,2024-09,True
2024-09-11,Healthcare,US,134.52,0.0002995526251681325,312817.0,0.234,22.1,Low,2024,2024-09,True
2024-09-12,Healthcare,US,132.84,-0.009863907996880441,692026.0,-0.058,40.7,Medium,2024,2024-09,False
2024-09-12,Finance,Europe,147.48,6.280777522349538e-05,556899.0,0.735,68.1,High,2024,2024-09,True
2024-09-15,Healthcare,Europe,231.19,0.0077303539041916084,276129.0,-0.026,36.8,Medium,2024,2024-09,True
2024-09-15,Technology,US,93.49,0.023018292436502278,940037.0,-0.398,50.6,High,2024,2024-09,True
2024-09-15,Consumer,US,255.68,0.00012461395148676745,586083.0,-0.15,26.1,Low,2024,2024-09,True
2024-09-16,Consumer,US,73.87,0.010764056152222012,839592.0,0.229,46.6,Low,2024,2024-09,True
2024-09-16,Consumer,Asia,200.28,-0.0008260868290976061,74633.0,0.376,61.1,High,2024,2024-09,False
2024-09-18,Finance,Asia,108.3,0.006360795793481801,380991.0,0.277,92.6,Medium,2024,2024-09,True
2024-09-21,Consumer,US,43.77,-0.003000759074681389,385357.0,-0.451,50.6,Medium,2024,2024-09,False
2024-09-22,Finance,Europe,171.61,-0.0051966349738533585,1866590.0,0.741,73.4,Medium,2024,2024-09,False
2024-09-23,Consumer,US,230.28,0.022565627208331485,636475.0,-0.382,37.7,Medium,2024,2024-09,True
2024-09-23,Technology,US,81.2,-0.012306466132600974,801652.0,-0.352,32.2,High,2024,2024-09,False
2024-09-25,Technology,US,208.55,0.02500905582436906,1170528.0,0.208,53.2,Medium,2024,2024-09,True
2024-09-26,Healthcare,Europe,102.63,0.007113489125669283,1083214.0,0.384,65.0,Medium,2024,2024-09,True
2024-09-26,Healthcare,US,149.16,-0.017875774833435873,135767.0,-0.016,53.0,Low,2024,2024-09,False
2024-09-26,Healthcare,US,57.23,0.0065085913873685975,513575.0,0.165,56.3,Medium,2024,2024-09,True
2024-09-26,Healthcare,Asia,152.31,-0.018941902881584764,530800.0,-0.356,32.0,High,2024,2024-09,False
2024-09-27,Finance,Europe,95.71,-0.007073199473531337,652602.0,0.127,41.2,Low,2024,2024-09,False
2024-09-28,Finance,US,90.15,-0.015938931844489062,262127.0,0.11,48.2,Low,2024,2024-09,False
2024-09-28,Energy,Europe,292.35,-0.015192398760651258,569041.0,-0.038,49.0,Low,2024,2024-09,False
2024-09-29,Technology,Europe,109.8,0.015255392304537,99826.0,0.111,60.3,Medium,2024,2024-09,True
2024-09-30,Technology,US,78.46,-0.007713464729055579,434667.0,0.864,71.4,Low,2024,2024-09,False
2024-10-01,Finance,US,76.21,-0.007657986851485838,1476630.0,-0.048,44.5,High,2024,2024-10,False
2024-10-01,Consumer,US,74.08,0.017014360947800906,538028.0,-0.126,43.1,Low,2024,2024-10,True
2024-10-01,Finance,Asia,123.9,-0.008589642982902533,860697.0,0.049,33.7,Medium,2024,2024-10,False
2024-10-01,Healthcare,Europe,223.68,0.008290249235111243,302621.0,0.201,55.4,High,2024,2024-10,True
2024-10-03,Finance,Asia,123.28,0.0013327728661017026,231762.0,0.152,45.5,Medium,2024,2024-10,True
2024-10-03,Energy,US,104.56,-0.001935928239730451,330622.0,0.095,55.4,Low,2024,2024-10,False
2024-10-03,Finance,Europe,113.27,-0.0036498572685164394,543445.0,0.152,54.1,Low,2024,2024-10,False
2024-10-06,Consumer,US,144.96,-0.019336381880669128,472485.0,0.116,51.2,Low,2024,2024-10,False
2024-10-06,Energy,US,46.2,-0.005529294005236173,203299.0,-0.107,57.8,Low,2024,2024-10,False
2024-10-06,Consumer,Asia,65.67,0.021613701084811872,265872.0,-0.353,37.0,Medium,2024,2024-10,True
2024-10-06,Healthcare,US,155.76,-0.023995199548584385,762239.0,0.718,60.0,Medium,2024,2024-10,False
2024-10-07,Healthcare,Asia,207.38,-0.004621103650442371,660401.0,-0.604,41.5,Low,2024,2024-10,False
2024-10-07,Consumer,Europe,68.02,-0.008459451603593193,241134.0,0.394,55.1,Medium,2024,2024-10,False
2024-10-09,Healthcare,Europe,61.12,-0.011010981759555621,449099.0,-0.254,33.0,Medium,2024,2024-10,False
2024-10-09,Consumer,US,82.68,0.008101077753539432,284119.0,-0.289,39.8,Medium,2024,2024-10,True
2024-10-09,Healthcare,US,175.54,0.01496247240417802,678957.0,-0.159,27.7,Low,2024,2024-10,True
2024-10-10,Energy,US,113.32,-0.054911473882067,474542.0,0.293,58.3,Medium,2024,2024-10,False
2024-10-11,Healthcare,US,162.24,0.002004495613264315,657338.0,0.351,65.7,Medium,2024,2024-10,True
2024-10-16,Technology,Europe,123.02,0.014366475347469501,1210339.0,0.524,77.4,Medium,2024,2024-10,True
2024-10-19,Finance,Europe,203.89,-0.004040219373190493,257453.0,0.039,52.3,Low,2024,2024-10,False
2024-10-20,Finance,Asia,214.87,-0.04097330971157643,429657.0,-0.319,7.9,Medium,2024,2024-10,False
2024-10-21,Consumer,Europe,26.71,0.0011214265650311079,222833.0,-0.07,49.3,Low,2024,2024-10,True
2024-10-22,Technology,US,169.31,-0.015892841468646644,149842.0,-0.17,36.5,Low,2024,2024-10,False
2024-10-22,Finance,US,119.04,0.01154509513122286,524551.0,0.17,30.9,Low,2024,2024-10,True
2024-10-22,Healthcare,US,110.2,0.04115108035289416,699061.0,0.683,71.6,Medium,2024,2024-10,True
2024-10-22,Finance,Europe,57.97,0.03798135613116473,195131.0,-0.47,33.3,Low,2024,2024-10,True
2024-10-22,Healthcare,Europe,69.69,-0.016519569527173487,1093948.0,-0.414,47.4,Medium,2024,2024-10,False
2024-10-23,Energy,US,181.65,0.022406512085819674,368204.0,0.353,49.5,Low,2024,2024-10,True
2024-10-24,Consumer,Europe,166.54,0.0043560283383513995,1168536.0,0.176,48.3,High,2024,2024-10,True
2024-10-25,Healthcare,US,142.92,0.011647206138641359,408928.0,-0.091,85.4,Medium,2024,2024-10,True
2024-10-25,Energy,US,242.24,0.000832720587644195,186758.0,-0.645,10.7,Medium,2024,2024-10,True
2024-10-27,Finance,Europe,208.47,-0.017923784702374587,1304827.0,0.065,44.6,Medium,2024,2024-10,False
2024-10-30,Healthcare,US,139.87,-0.0032375343721822735,83742.0,0.297,69.1,High,2024,2024-10,False
2024-10-30,Consumer,US,44.23,-0.009559715325168442,360578.0,-0.3,24.5,Low,2024,2024-10,False
2024-10-30,Finance,Europe,196.27,-0.031044820524443326,891732.0,0.353,47.2,Medium,2024,2024-10,False
2024-10-31,Healthcare,Asia,104.37,-0.0024894905975761245,727467.0,0.005,68.7,Low,2024,2024-10,False
2024-11-01,Consumer,Europe,343.31,0.004762093030426723,289133.0,0.005,55.3,Medium,2024,2024-11,True
2024-11-02,Consumer,US,146.91,0.0013341908579754301,865902.0,0.282,87.7,High,2024,2024-11,True
2024-11-02,Healthcare,US,179.25,-0.008442745289195034,143741.0,0.651,87.2,Medium,2024,2024-11,False
2024-11-02,Consumer,US,96.61,0.011427291815555378,687700.0,-0.698,11.7,High,2024,2024-11,True
2024-11-04,Energy,US,142.07,0.009681962148299113,635413.0,0.084,53.5,High,2024,2024-11,True
2024-11-06,Energy,Asia,109.64,0.03808262285469704,691042.0,0.087,50.7,Medium,2024,2024-11,True
2024-11-06,Consumer,US,114.35,-0.019908917994605594,260023.0,0.267,50.6,Medium,2024,2024-11,False
2024-11-06,Finance,US,134.19,-0.009385859651129373,601890.0,0.498,81.0,Low,2024,2024-11,False
2024-11-07,Finance,US,81.11,0.01100414744601059,695022.0,-0.332,28.7,Medium,2024,2024-11,True
2024-11-08,Energy,Europe,110.61,0.02213294339200022,859238.0,0.435,52.1,Low,2024,2024-11,True
2024-11-09,Healthcare,US,33.42,0.018304707018646556,435837.0,0.466,41.8,High,2024,2024-11,True
2024-11-09,Healthcare,US,131.54,0.001750345177881131,479440.0,-0.63,29.2,High,2024,2024-11,True
2024-11-09,Healthcare,Europe,69.23,-0.008302247416710073,246809.0,0.072,51.9,Medium,2024,2024-11,False
2024-11-10,Finance,Europe,72.42,-0.004515956489965875,550425.0,0.721,79.0,Medium,2024,2024-11,False
2024-11-11,Energy,US,81.94,0.014793940283432495,284740.0,-0.061,43.3,High,2024,2024-11,True
2024-11-12,Healthcare,US,91.67,0.01854043067894911,662122.0,0.237,51.4,Medium,2024,2024-11,True
2024-11-12,Energy,US,194.62,0.01828726178423466,516003.0,-0.039,61.1,Low,2024,2024-11,True
2024-11-13,Consumer,Asia,116.94,-0.046793888271666695,611898.0,-0.138,34.7,Low,2024,2024-11,False
2024-11-13,Technology,US,62.77,-0.00872299788287555,1552359.0,-0.129,49.3,Medium,2024,2024-11,False
2024-11-14,Healthcare,US,169.81,0.006353704170362841,695402.0,-0.122,44.7,Low,2024,2024-11,True
2024-11-14,Energy,Asia,174.04,-0.0010100973055050472,1309371.0,-0.155,38.5,High,2024,2024-11,False
2024-11-15,Energy,Asia,164.66,0.03537662384773184,250176.0,0.132,45.0,Medium,2024,2024-11,True
2024-11-16,Healthcare,US,162.53,0.006631836311284394,403905.0,0.466,68.3,Medium,2024,2024-11,True
2024-11-16,Technology,Europe,72.63,0.04216882284426121,127948.0,-0.543,34.5,High,2024,2024-11,True
2024-11-16,Healthcare,US,68.14,0.02234549048529709,385762.0,0.138,94.4,Medium,2024,2024-11,True
2024-11-16,Technology,Asia,157.66,-0.0012559757094865389,1186466.0,-0.051,65.8,Medium,2024,2024-11,False
2024-11-16,Consumer,US,122.47,0.00591061189911132,526078.0,0.034,44.3,Low,2024,2024-11,True
2024-11-18,Energy,US,86.3,-0.017031841900619897,554395.0,0.108,25.7,High,2024,2024-11,False
2024-11-18,Energy,Asia,174.27,0.02617484518437313,316270.0,-0.16,41.3,Low,2024,2024-11,True
2024-11-19,Consumer,US,260.66,-0.004664704099960003,563219.0,-0.086,61.3,Medium,2024,2024-11,False
2024-11-19,Technology,Europe,133.12,-0.016315138229308593,205338.0,0.526,54.3,Medium,2024,2024-11,False
2024-11-20,Consumer,Europe,280.24,-0.03292133201589835,231463.0,0.186,28.4,Medium,2024,2024-11,False
2024-11-20,Finance,Europe,176.56,-0.02447618919606115,398049.0,0.079,45.5,High,2024,2024-11,False
2024-11-21,Consumer,Europe,94.86,-0.0029351092221439144,586160.0,-0.318,51.6,Medium,2024,2024-11,False
2024-11-22,Technology,Asia,157.11,0.013600427145302903,263125.0,-0.243,47.7,Low,2024,2024-11,True
2024-11-23,Finance,US,153.96,-0.0003977088337547427,656309.0,0.589,60.5,Low,2024,2024-11,False
2024-11-24,Technology,Europe,99.89,0.017487510946641638,445703.0,0.153,54.1,Low,2024,2024-11,True
2024-11-28,Technology,US,126.19,-0.009445507595508933,149178.0,-0.232,32.5,Low,2024,2024-11,False
2024-11-29,Consumer,US,53.36,0.012134548399894673,833269.0,-0.374,39.1,Medium,2024,2024-11,True
2024-11-29,Energy,Europe,123.98,0.027530001061300907,733661.0,0.631,89.1,Medium,2024,2024-11,True
2024-12-01,Energy,US,179.07,0.0010178217341044163,470588.0,-0.137,44.2,Low,2024,2024-12,True
2024-12-02,Energy,US,441.67,-0.017399184757498933,659437.0,-0.054,65.6,Low,2024,2024-12,False
2024-12-02,Finance,Europe,71.24,-0.01968211207181178,944003.0,0.09,56.5,Medium,2024,2024-12,False
2024-12-03,Healthcare,Europe,86.52,-0.021003193058662273,423794.0,0.152,54.9,Medium,2024,2024-12,False
2024-12-04,Consumer,Asia,80.83,-0.00046750016870323593,508553.0,0.031,54.0,Low,2024,2024-12,False
2024-12-05,Energy,US,86.86,-0.0003334002027238,248805.0,-0.316,50.4,Low,2024,2024-12,False
2024-12-05,Consumer,Europe,129.09,0.005612302606300989,555214.0,0.379,77.0,Medium,2024,2024-12,True
2024-12-05,Consumer,US,161.42,0.011816082697236658,1234130.0,0.097,47.0,Low,2024,2024-12,True
2024-12-06,Consumer,US,112.93,-0.006266376066492824,654716.0,-0.164,45.0,Medium,2024,2024-12,False
2024-12-06,Finance,US,130.3,-0.004553738108117378,110695.0,-0.05,44.5,Low,2024,2024-12,False
2024-12-06,Finance,Europe,187.38,0.009276910888831053,173884.0,0.37,73.1,High,2024,2024-12,True
2024-12-08,Consumer,US,61.54,0.01726792470677676,358936.0,0.397,65.5,Low,2024,2024-12,True
2024-12-09,Energy,US,139.0,0.021957280826678676,523222.0,-0.028,53.8,Medium,2024,2024-12,True
2024-12-10,Energy,Europe,89.45,-0.015847981785284418,350175.0,0.059,58.0,High,2024,2024-12,False
2024-12-12,Finance,US,178.51,-0.018866730693105262,322657.0,-0.424,35.6,Medium,2024,2024-12,False
2024-12-15,Technology,US,165.1,-0.00491202642011923,342992.0,0.07,46.3,High,2024,2024-12,False
2024-12-16,Finance,Asia,249.21,0.021134481618574622,339423.0,-0.162,48.2,Medium,2024,2024-12,True
2024-12-19,Energy,Asia,139.36,0.008444988156817183,727762.0,0.038,70.7,Medium,2024,2024-12,True
2024-12-19,Healthcare,Europe,95.83,0.027526167230988993,1168020.0,0.368,44.8,Medium,2024,2024-12,True
2024-12-19,Healthcare,US,106.27,-0.019192103270448124,810299.0,0.408,53.4,Medium,2024,2024-12,False
2024-12-21,Finance,Asia,190.37,0.0012707359870710523,191839.0,0.047,56.5,High,2024,2024-12,True
2024-12-21,Technology,Europe,106.47,-0.01931052950346587,475078.0,0.001,48.7,Medium,2024,2024-12,False
2024-12-23,Healthcare,Europe,122.13,0.004417953352772812,412355.0,0.008,42.7,High,2024,2024-12,True
2024-12-23,Finance,US,66.04,-0.03951175521966415,53716.0,-0.629,23.1,Medium,2024,2024-12,False
2024-12-25,Technology,US,151.44,-0.013502911825129686,268978.0,0.324,40.3,Medium,2024,2024-12,False
2024-12-25,Consumer,US,43.76,-0.020916420589912527,1384371.0,0.081,55.6,Medium,2024,2024-12,False
2024-12-25,Energy,Asia,48.82,0.002253187424411911,312118.0,-0.404,30.8,Low,2024,2024-12,True
2024-12-27,Energy,US,142.16,0.006174267774279716,315434.0,0.015,34.8,Low,2024,2024-12,True
2024-12-28,Energy,US,112.48,0.00993860659681251,462891.0,0.52,58.9,Low,2024,2024-12,True
2024-12-28,Healthcare,US,163.07,-0.0036006313758237905,362336.0,0.249,56.1,Low,2024,2024-12,False
2024-12-29,Healthcare,US,55.92,-0.00516798543867185,283683.0,-0.496,25.6,Medium,2024,2024-12,False
2024-12-30,Finance,Asia,68.48,0.002305850902823086,420551.0,-0.419,41.4,Low,2024,2024-12,True
2025-01-01,Healthcare,US,256.16,-0.01994958854793335,681134.0,0.626,70.5,Medium,2025,2025-01,False
2025-01-03,Energy,US,109.65,-0.005908771776486047,929733.0,0.109,55.2,Medium,2025,2025-01,False
2025-01-05,Finance,US,180.54,-0.004540477495530013,323649.0,-0.255,48.6,Low,2025,2025-01,False
2025-01-05,Finance,US,168.93,0.005962473350009058,388224.0,-0.039,52.9,Low,2025,2025-01,True
2025-01-06,Healthcare,Asia,104.7,0.0028746246598746663,152357.0,0.461,41.5,Medium,2025,2025-01,True
2025-01-06,Consumer,US,118.82,-0.012323313085436036,232793.0,0.186,55.2,Medium,2025,2025-01,False
2025-01-07,Healthcare,Europe,76.96,-0.02232122579320222,397754.0,0.074,64.2,Medium,2025,2025-01,False
2025-01-08,Energy,US,140.31,-0.0027100210783473763,122719.0,0.4,69.5,High,2025,2025-01,False
2025-01-09,Technology,US,61.64,-0.019550447478910063,325426.0,-0.488,21.5,Medium,2025,2025-01,False
2025-01-09,Consumer,Europe,116.83,0.007183733410102656,759209.0,0.658,63.4,Medium,2025,2025-01,True
2025-01-11,Technology,US,75.41,0.017831279416080318,311802.0,0.142,62.0,Medium,2025,2025-01,True
2025-01-11,Finance,Europe,135.03,-0.021711384857680746,314833.0,0.173,73.1,Medium,2025,2025-01,False
2025-01-11,Finance,US,89.62,-0.0020979738927368327,480589.0,-0.184,27.5,High,2025,2025-01,False
2025-01-12,Finance,US,192.33,-0.002399839002446143,217506.0,0.188,62.6,High,2025,2025-01,False
2025-01-12,Healthcare,US,100.08,0.03034522527592196,381277.0,-0.051,45.3,Medium,2025,2025-01,True
2025-01-14,Technology,US,53.36,0.02407616923391223,436502.0,0.275,56.1,Medium,2025,2025-01,True
2025-01-15,Healthcare,Asia,55.62,-0.002304090674635564,592933.0,-0.148,50.1,Medium,2025,2025-01,False
2025-01-17,Technology,US,44.23,-0.019895235444584686,580977.0,-0.114,47.1,Medium,2025,2025-01,False
2025-01-17,Consumer,Europe,98.29,0.027911177807989965,2266061.0,-0.401,32.6,Low,2025,2025-01,True
2025-01-17,Finance,US,58.35,-0.01824404249698185,757188.0,0.233,35.8,Low,2025,2025-01,False
2025-01-18,Healthcare,Asia,37.32,0.013531101063532641,1555760.0,-0.3,35.7,Low,2025,2025-01,True
2025-01-20,Consumer,US,127.1,-0.023928150256187095,283041.0,0.379,42.6,Medium,2025,2025-01,False
2025-01-20,Consumer,Asia,105.86,-0.009630034301268162,586076.0,-0.439,36.1,High,2025,2025-01,False
2025-01-21,Consumer,Europe,107.54,0.024015601424375387,269259.0,0.306,38.4,Low,2025,2025-01,True
2025-01-23,Consumer,US,83.58,0.0006363926198484366,762083.0,-0.088,47.1,Low,2025,2025-01,True
2025-01-23,Healthcare,US,261.64,-0.0025518613569460117,178538.0,0.23,44.3,High,2025,2025-01,False
2025-01-23,Technology,US,150.44,0.002754469188251518,262122.0,0.491,56.1,High,2025,2025-01,True
2025-01-24,Healthcare,US,69.95,0.02519516977400502,197434.0,-0.654,21.3,Medium,2025,2025-01,True
2025-01-24,Consumer,US,97.52,-0.02357484384247668,605517.0,-0.114,44.4,Medium,2025,2025-01,False
2025-01-26,Technology,US,53.27,-0.017051587784787756,505539.0,0.124,48.1,High,2025,2025-01,False
2025-01-26,Energy,Europe,139.26,-0.001358277857506083,725425.0,0.116,56.8,High,2025,2025-01,False
2025-01-26,Energy,US,105.23,0.011374542391579307,606169.0,0.003,64.3,Medium,2025,2025-01,True
2025-01-27,Technology,US,122.09,0.013082304536248993,243127.0,-0.117,41.2,Medium,2025,2025-01,True
2025-01-27,Technology,US,113.5,-0.012689066487680478,539502.0,-0.314,39.4,Medium,2025,2025-01,False
2025-01-27,Consumer,US,201.84,0.006636235639761182,204879.0,0.097,57.4,Low,2025,2025-01,True
2025-01-27,Finance,US,224.15,0.027841633620260275,286648.0,-0.008,47.0,Low,2025,2025-01,True
2025-01-28,Technology,US,124.99,-0.017788634158275637,141049.0,-0.31,47.0,High,2025,2025-01,False
2025-01-29,Finance,Asia,301.51,0.007110201488349393,407129.0,0.108,42.5,Low,2025,2025-01,True
2025-01-30,Finance,US,101.17,-0.020280321410982287,568007.0,-0.415,12.7,High,2025,2025-01,False
2025-01-30,Energy,US,144.67,-0.011855613919656583,363916.0,-0.331,35.9,Medium,2025,2025-01,False
2025-01-30,Consumer,US,87.66,0.012551099005628234,412707.0,0.155,56.2,High,2025,2025-01,True
2025-01-31,Healthcare,US,103.19,0.0012687425588402356,342719.0,0.323,48.5,Medium,2025,2025-01,True
2025-02-01,Finance,US,386.15,-0.01621419321372532,459733.0,-0.294,25.9,Low,2025,2025-02,False
2025-02-01,Technology,Asia,66.49,0.006669342957130353,590627.0,-0.417,7.0,Low,2025,2025-02,True
2025-02-01,Healthcare,Europe,183.29,0.009024112601680597,1015333.0,0.373,54.2,Medium,2025,2025-02,True
2025-02-02,Finance,Asia,60.23,0.014182868247212665,459042.0,-0.355,30.1,Medium,2025,2025-02,True
2025-02-04,Healthcare,US,82.92,0.014693119512136617,317555.0,-0.043,34.9,Medium,2025,2025-02,True
2025-02-05,Healthcare,Asia,171.9,-0.0145544503938641,256267.0,0.333,55.2,High,2025,2025-02,False
2025-02-06,Finance,Asia,159.42,-0.0066025309704197685,243297.0,0.657,62.6,Medium,2025,2025-02,False
2025-02-07,Healthcare,Europe,62.76,-0.008989612170705949,225038.0,-0.215,62.1,Medium,2025,2025-02,False
2025-02-08,Healthcare,US,74.69,-0.027296061770508508,413976.0,0.404,62.7,Medium,2025,2025-02,False
2025-02-09,Finance,US,34.86,-0.023121503561391712,287699.0,0.127,54.3,Low,2025,2025-02,False
2025-02-10,Technology,US,128.83,0.032413299735475666,954463.0,0.24,48.5,Medium,2025,2025-02,True
2025-02-11,Healthcare,US,78.12,-0.029739816859768987,1212496.0,-0.185,47.0,Medium,2025,2025-02,False
2025-02-12,Healthcare,Europe,54.32,-0.005144253369902627,215478.0,0.177,57.9,Low,2025,2025-02,False
2025-02-12,Consumer,Europe,63.42,-0.010026302572918802,196439.0,-0.531,14.3,High,2025,2025-02,False
2025-02-14,Finance,US,152.33,0.0006194605377624762,758505.0,-0.151,54.1,Medium,2025,2025-02,True
2025-02-14,Technology,US,228.8,0.013740952556628945,633381.0,-0.455,40.4,Low,2025,2025-02,True
2025-02-14,Finance,Asia,113.65,-0.020547033699274925,266842.0,0.514,65.9,Medium,2025,2025-02,False
2025-02-14,Energy,Europe,168.98,0.0007466091346484951,530638.0,-0.168,53.7,Low,2025,2025-02,True
2025-02-14,Healthcare,Europe,48.22,-0.016374180932923147,399589.0,-0.203,37.9,Low,2025,2025-02,False
2025-02-14,Energy,Europe,203.92,0.00848254953671966,674832.0,-0.106,26.7,Low,2025,2025-02,True
2025-02-15,Energy,US,86.01,0.025020388725890734,233012.0,-0.103,52.8,Medium,2025,2025-02,True
2025-02-17,Finance,US,72.94,0.0133712778990782,851493.0,-0.142,40.2,Medium,2025,2025-02,True
2025-02-18,Finance,US,110.36,-0.030987154048140394,386622.0,0.42,63.7,Medium,2025,2025-02,False
2025-02-18,Energy,Europe,243.22,-0.04060750162407095,271328.0,-0.521,37.7,Medium,2025,2025-02,False
2025-02-19,Technology,US,125.51,0.02710910438470599,625803.0,0.036,37.4,Medium,2025,2025-02,True
2025-02-20,Energy,US,71.5,0.01819816504775155,166524.0,-0.147,20.0,Medium,2025,2025-02,True
2025-02-21,Healthcare,Asia,168.18,0.01604109117308455,228939.0,0.183,39.8,Medium,2025,2025-02,True
2025-02-23,Healthcare,Asia,52.02,0.00939342923337002,889136.0,-0.005,56.1,Low,2025,2025-02,True
2025-02-23,Energy,Asia,65.19,-0.01348166870779753,747934.0,-0.199,45.1,Medium,2025,2025-02,False
2025-02-23,Technology,US,72.39,0.014359670377048609,1162634.0,-0.121,63.5,High,2025,2025-02,True
2025-02-23,Finance,Europe,85.73,-0.03551680049889233,425120.0,-0.399,54.9,Medium,2025,2025-02,False
2025-02-24,Consumer,Europe,64.57,0.017011119968059596,219847.0,0.368,57.0,High,2025,2025-02,True
2025-02-25,Consumer,US,126.26,-0.000574626823658089,226586.0,-0.279,30.3,Low,2025,2025-02,False
2025-02-25,Healthcare,Asia,111.37,-0.022577728687563716,383019.0,-0.237,61.0,Low,2025,2025-02,False
2025-02-26,Energy,Europe,94.89,-0.026311034217049403,202060.0,0.228,57.8,Medium,2025,2025-02,False
2025-02-26,Consumer,Asia,93.75,0.002828651201612486,609325.0,0.176,55.3,Medium,2025,2025-02,True
2025-02-27,Consumer,US,66.05,-0.006510379428296573,809379.0,0.391,82.7,High,2025,2025-02,False
2025-02-28,Healthcare,US,68.15,-0.0005645577652643727,284635.0,-0.28,33.5,Low,2025,2025-02,False
2025-02-28,Energy,US,229.4,0.026434522929652843,706005.0,-0.237,48.1,Low,2025,2025-02,True
2025-03-02,Finance,Asia,98.91,-0.0011317463567561284,342528.0,0.492,61.2,Medium,2025,2025-03,False
2025-03-02,Finance,US,60.32,-0.018103360113051577,1091259.0,0.403,72.3,Medium,2025,2025-03,False
2025-03-05,Finance,US,94.84,0.011104143640106513,572172.0,0.326,56.4,Low,2025,2025-03,True
2025-03-05,Energy,Europe,106.78,0.006831666272342982,148917.0,-0.091,57.5,Low,2025,2025-03,True
2025-03-05,Finance,Europe,65.68,0.013795248613617207,617401.0,0.926,75.2,High,2025,2025-03,True
2025-03-06,Energy,US,178.4,0.01488595801879762,739797.0,0.397,64.4,High,2025,2025-03,True
2025-03-06,Finance,Asia,94.46,0.014309505473212187,127302.0,-0.269,65.2,Medium,2025,2025-03,True
2025-03-08,Healthcare,Europe,176.11,0.00022122740659415537,179232.0,-0.103,50.2,Low,2025,2025-03,True
2025-03-08,Energy,US,510.0,-0.00891656221671477,1217441.0,-0.098,56.8,Low,2025,2025-03,False
2025-03-09,Consumer,US,91.73,-0.01628220534878266,596671.0,0.104,70.8,High,2025,2025-03,False
2025-03-10,Healthcare,US,114.86,-0.014753505887661415,372600.0,0.334,55.3,Medium,2025,2025-03,False
2025-03-10,Technology,US,142.16,-0.0031033088386349,1076102.0,0.278,60.9,Medium,2025,2025-03,False
2025-03-10,Technology,Europe,165.19,-0.019176610976793206,488333.0,-0.183,67.2,Medium,2025,2025-03,False
2025-03-11,Consumer,US,40.72,-0.00375732988087218,727153.0,-0.35,48.7,High,2025,2025-03,False
2025-03-11,Healthcare,US,57.83,-0.00413196049233498,429331.0,0.09,62.6,Medium,2025,2025-03,False
2025-03-11,Finance,Asia,159.73,0.027709995061900215,97284.0,0.419,70.1,Low,2025,2025-03,True
2025-03-14,Technology,US,206.41,0.01166294949444329,410835.0,0.387,64.5,Medium,2025,2025-03,True
2025-03-15,Energy,Europe,107.07,-0.02078834537514939,257784.0,-0.275,24.6,Low,2025,2025-03,False
2025-03-16,Technology,Asia,208.1,0.04326948257452989,1008049.0,0.211,56.3,Low,2025,2025-03,True
2025-03-16,Technology,US,103.39,0.0015925743775122149,307044.0,-0.072,58.0,Medium,2025,2025-03,True
2025-03-16,Finance,Europe,101.66,-0.03171575688042623,335438.0,-0.423,49.6,High,2025,2025-03,False
2025-03-17,Finance,Europe,261.68,-0.0066401946914770174,226654.0,-0.658,42.8,Low,2025,2025-03,False
2025-03-18,Technology,Asia,171.18,0.005518023872346814,657560.0,0.075,44.6,Medium,2025,2025-03,True
2025-03-19,Energy,Asia,138.49,-0.0006979958432078745,461186.0,0.211,47.9,Low,2025,2025-03,False
2025-03-21,Energy,US,204.77,0.0010831994213652953,253957.0,0.095,42.4,Low,2025,2025-03,True
2025-03-21,Healthcare,Europe,153.38,0.03544556471704936,1211193.0,-0.022,44.5,Medium,2025,2025-03,True
2025-03-21,Healthcare,Asia,195.13,-0.019067402545955386,299217.0,0.099,51.7,Medium,2025,2025-03,False
2025-03-21,Consumer,US,47.48,-0.01749762907386829,515324.0,0.203,52.3,High,2025,2025-03,False
2025-03-22,Finance,US,70.77,-0.0017927734640790646,372752.0,0.561,78.6,High,2025,2025-03,False
2025-03-23,Energy,US,100.96,-0.002015784129396503,630803.0,0.012,46.1,Low,2025,2025-03,False
2025-03-23,Consumer,US,124.79,0.008472905637152663,552751.0,0.159,43.1,Medium,2025,2025-03,True
2025-03-23,Consumer,US,159.45,-0.00490123704710142,524456.0,-0.184,52.9,Low,2025,2025-03,False
2025-03-25,Technology,US,255.27,0.02348981507007986,300685.0,-0.085,46.9,Low,2025,2025-03,True
2025-03-25,Energy,Asia,148.02,-0.03199779815426585,278554.0,0.291,67.2,Low,2025,2025-03,False
2025-03-26,Consumer,US,215.32,-0.013843032354179576,684164.0,-0.776,25.1,High,2025,2025-03,False
2025-03-26,Consumer,Europe,46.46,-0.012959947911655334,395715.0,0.226,50.9,Medium,2025,2025-03,False
2025-03-26,Technology,Asia,96.27,-0.011482684232983778,506912.0,0.315,58.9,Medium,2025,2025-03,False
2025-03-27,Technology,Europe,92.24,-0.003233507944466827,1287150.0,0.44,75.8,Medium,2025,2025-03,False
2025-03-28,Finance,US,28.84,-0.011125276149361377,717121.0,0.033,45.1,Medium,2025,2025-03,False
2025-03-28,Energy,US,115.08,0.030352341810546923,273063.0,-0.14,54.8,Low,2025,2025-03,True
2025-03-30,Technology,US,206.45,0.031027249900497926,525341.0,0.562,66.9,Low,2025,2025-03,True
2025-04-01,Healthcare,Europe,79.98,-0.007121585966103946,258906.0,-0.144,42.8,Medium,2025,2025-04,False
2025-04-01,Healthcare,Europe,107.84,0.023175494623269486,882915.0,0.337,69.0,Low,2025,2025-04,True
2025-04-01,Healthcare,US,154.39,-0.016985814143332716,196852.0,0.538,61.5,Low,2025,2025-04,False
2025-04-03,Finance,US,140.63,0.005956518866123598,514703.0,0.092,33.3,Low,2025,2025-04,True
2025-04-05,Healthcare,US,66.31,-0.020448349949459453,126729.0,0.019,45.5,Medium,2025,2025-04,False
2025-04-07,Energy,US,149.93,-0.0003347408302141125,593957.0,-0.058,64.6,Low,2025,2025-04,False
2025-04-07,Healthcare,US,41.7,0.006505751921478066,1271121.0,-0.471,23.5,Medium,2025,2025-04,True
2025-04-07,Energy,US,160.58,0.02216372559158526,809949.0,-0.067,44.2,Low,2025,2025-04,True
2025-04-08,Energy,US,246.61,0.017883905614517765,102145.0,0.02,81.0,High,2025,2025-04,True
2025-04-08,Technology,US,106.66,0.000929234699133082,100386.0,0.057,59.1,Low,2025,2025-04,True
2025-04-08,Finance,US,186.85,0.017046522107170937,344245.0,-0.558,31.9,Medium,2025,2025-04,True
2025-04-08,Energy,US,144.14,-0.013940247861477042,271350.0,0.082,65.4,Low,2025,2025-04,False
2025-04-09,Finance,US,125.5,-0.012690069164203621,264809.0,0.229,56.5,Low,2025,2025-04,False
2025-04-09,Technology,US,69.84,-0.006413952414698051,336080.0,0.033,36.1,Low,2025,2025-04,False
2025-04-09,Healthcare,US,96.06,0.0023539683241881643,592582.0,0.778,76.7,Medium,2025,2025-04,True
2025-04-10,Finance,US,82.5,-0.010656332708255856,952481.0,0.18,49.3,High,2025,2025-04,False
2025-04-10,Finance,US,88.09,-0.002988350618789687,215850.0,-0.028,52.5,Medium,2025,2025-04,False
2025-04-11,Technology,US,47.49,-0.004866867376797112,456138.0,0.187,60.5,Medium,2025,2025-04,False
2025-04-12,Healthcare,Asia,94.58,-0.0025917647718387946,510117.0,-0.027,43.0,Medium,2025,2025-04,False
2025-04-13,Energy,US,74.0,-0.013401948973399816,931442.0,-0.242,57.6,Low,2025,2025-04,False
2025-04-13,Consumer,Asia,136.12,-0.006533253598281207,218842.0,0.267,55.1,Low,2025,2025-04,False
2025-04-14,Consumer,US,112.35,-0.009697692357298995,102042.0,-0.523,56.7,Low,2025,2025-04,False
2025-04-16,Consumer,Asia,130.87,-0.0152201323254426,289233.0,-0.026,52.6,Medium,2025,2025-04,False
2025-04-16,Consumer,Europe,86.29,0.0096855422867353,605830.0,-0.08,53.4,Medium,2025,2025-04,True
2025-04-16,Technology,US,129.67,0.031823222752864436,535876.0,-0.397,70.0,High,2025,2025-04,True
2025-04-16,Energy,US,46.2,-0.003177047777350577,543055.0,0.483,67.8,Medium,2025,2025-04,False
2025-04-17,Finance,US,157.62,0.02453328203348082,2057164.0,-0.396,34.3,Medium,2025,2025-04,True
2025-04-17,Healthcare,US,53.99,-0.02842748963829707,1395390.0,-0.13,39.4,Medium,2025,2025-04,False
2025-04-18,Technology,US,118.0,-0.010853252959896361,351380.0,0.328,61.0,High,2025,2025-04,False
2025-04-20,Energy,US,235.66,0.023963551902733967,771508.0,0.292,64.2,Low,2025,2025-04,True
2025-04-21,Technology,Asia,77.16,0.0227983890477673,1053141.0,-0.414,41.3,Low,2025,2025-04,True
2025-04-21,Consumer,Europe,60.76,0.01575548175738797,129104.0,0.178,54.1,Medium,2025,2025-04,True
2025-04-22,Healthcare,US,173.36,0.027158068554998777,358697.0,0.316,58.1,Low,2025,2025-04,True
2025-04-22,Energy,US,124.21,0.006753166804935333,676422.0,-0.786,30.7,Medium,2025,2025-04,True
2025-04-23,Healthcare,US,96.19,0.002885717196502859,777082.0,-0.255,49.8,Medium,2025,2025-04,True
2025-04-25,Consumer,Europe,31.17,0.0427666726813994,446631.0,-0.064,60.5,Medium,2025,2025-04,True
2025-04-27,Technology,US,115.17,-0.0013161821606004712,143313.0,0.171,58.2,Medium,2025,2025-04,False
2025-04-28,Consumer,US,128.58,0.023382097052082187,448059.0,0.326,62.9,Low,2025,2025-04,True
2025-04-30,Energy,Europe,169.01,0.021234172875378498,572035.0,-0.179,26.7,Low,2025,2025-04,True
2025-05-02,Consumer,Europe,82.53,-0.020742721250372045,341868.0,0.212,60.6,Medium,2025,2025-05,False
2025-05-03,Healthcare,Europe,254.98,0.006158827784031169,179983.0,0.366,46.6,Medium,2025,2025-05,True
2025-05-04,Technology,US,118.04,0.004939416199734629,450344.0,-0.123,48.9,High,2025,2025-05,True
2025-05-05,Technology,US,97.65,-0.0037011602162131205,314885.0,-0.32,39.1,Medium,2025,2025-05,False
2025-05-06,Energy,Europe,47.33,0.01481549831226067,312166.0,-0.559,18.2,Medium,2025,2025-05,True
2025-05-06,Consumer,US,74.41,0.0010458256477227394,97906.0,-0.017,45.2,Low,2025,2025-05,True
2025-05-07,Healthcare,Asia,270.6,0.014980110415469094,1149767.0,-0.045,52.9,Medium,2025,2025-05,True
2025-05-08,Energy,Asia,140.57,0.018339257548875228,401619.0,-0.073,44.2,High,2025,2025-05,True
2025-05-08,Energy,US,151.65,-0.005690437333015825,399779.0,-0.125,44.0,Medium,2025,2025-05,False
2025-05-09,Energy,US,82.73,-0.006914906850034256,309257.0,0.302,52.8,Medium,2025,2025-05,False
2025-05-09,Energy,Asia,170.79,0.0011203810815867497,1081284.0,0.336,41.2,Low,2025,2025-05,True
2025-05-10,Technology,Asia,307.58,0.020211610776147117,325986.0,0.239,57.9,Low,2025,2025-05,True
2025-05-11,Consumer,US,28.84,-0.01697023242590463,373699.0,-0.302,54.8,Low,2025,2025-05,False
2025-05-12,Technology,US,98.97,-0.01957419464660361,2486509.0,0.068,56.5,High,2025,2025-05,False
2025-05-13,Technology,Asia,64.48,-0.020024007703289153,787662.0,0.339,91.6,Medium,2025,2025-05,False
2025-05-13,Energy,Europe,144.06,-0.00961136985557636,420620.0,-0.214,43.0,Medium,2025,2025-05,False
2025-05-14,Healthcare,Europe,60.33,-0.011225243201985162,274515.0,-0.23,40.1,High,2025,2025-05,False
2025-05-14,Healthcare,Asia,167.29,-0.015225001451286397,381736.0,-0.267,63.2,High,2025,2025-05,False
2025-05-14,Energy,US,201.89,0.021475204128189724,610739.0,-0.197,48.5,Medium,2025,2025-05,True
2025-05-14,Consumer,US,186.28,-0.001085022247971975,405140.0,0.43,79.1,Medium,2025,2025-05,False
2025-05-15,Healthcare,US,131.13,0.006150107145985339,216910.0,-0.096,29.5,Low,2025,2025-05,True
2025-05-15,Technology,US,36.39,0.0021177208472989775,257943.0,0.122,74.8,Low,2025,2025-05,True
2025-05-15,Technology,US,158.46,-0.012535140091638107,304654.0,-0.315,60.1,Low,2025,2025-05,False
2025-05-15,Finance,Asia,69.17,-0.018207667056221524,246467.0,0.52,55.1,Medium,2025,2025-05,False
2025-05-15,Consumer,Europe,151.5,-0.009163024688109322,233972.0,-0.208,59.5,Low,2025,2025-05,False
2025-05-18,Healthcare,Asia,78.44,0.03044122963688304,571741.0,-0.325,31.8,Medium,2025,2025-05,True
2025-05-18,Finance,US,97.5,0.016817964065935633,476651.0,-0.231,52.8,Low,2025,2025-05,True
2025-05-18,Healthcare,US,170.82,0.018850537774670138,285600.0,-0.386,54.7,Medium,2025,2025-05,True
2025-05-19,Healthcare,Asia,32.53,-0.012608708821025725,168392.0,0.025,43.5,Low,2025,2025-05,False
2025-05-19,Finance,Asia,66.0,0.0011345107130171133,405737.0,0.311,52.1,High,2025,2025-05,True
2025-05-20,Consumer,Asia,59.49,0.017520114236767467,101429.0,0.283,67.1,Medium,2025,2025-05,True
2025-05-21,Technology,US,85.03,0.005799408391484473,626623.0,-0.132,37.1,Medium,2025,2025-05,True
2025-05-21,Energy,Europe,239.15,0.01331704188576226,198986.0,0.787,56.7,Low,2025,2025-05,True
2025-05-22,Technology,US,82.72,0.0007394376370816857,662143.0,0.16,68.8,High,2025,2025-05,True
2025-05-23,Energy,US,121.38,-0.0050770413218085885,686730.0,-0.108,30.3,High,2025,2025-05,False
2025-05-23,Energy,US,34.11,0.011212982957827867,332955.0,0.602,41.8,Low,2025,2025-05,True
2025-05-24,Finance,US,37.24,0.005126433253115039,119879.0,-0.213,62.3,Low,2025,2025-05,True
2025-05-25,Energy,US,144.22,-0.006535820734436276,186467.0,-0.083,64.8,Low,2025,2025-05,False
2025-05-25,Technology,US,133.95,-0.013341946483910693,1512664.0,0.701,92.7,Low,2025,2025-05,False
2025-05-25,Technology,Asia,103.37,-0.02354810811315605,436953.0,0.174,46.7,Low,2025,2025-05,False
2025-05-26,Healthcare,Asia,444.92,-0.033459794144432016,870568.0,-0.324,28.0,Low,2025,2025-05,False
2025-05-27,Energy,Europe,180.14,0.011609207545556655,374461.0,0.09,89.2,Medium,2025,2025-05,True
2025-05-28,Healthcare,US,88.9,0.026114665959903735,707353.0,-0.109,43.3,Low,2025,2025-05,True
2025-05-28,Energy,Asia,434.12,-0.012588706781197806,1308024.0,0.139,56.2,Low,2025,2025-05,False
2025-05-28,Energy,US,290.75,-0.0042634637749043225,509120.0,0.258,64.3,High,2025,2025-05,False
2025-05-29,Energy,US,167.4,-0.02060555581607457,182520.0,0.419,56.4,High,2025,2025-05,False
2025-05-30,Energy,US,137.14,-0.028930224205100906,180789.0,-0.206,47.3,Low,2025,2025-05,False
2025-05-31,Consumer,US,68.29,0.007778451584293264,212505.0,0.076,49.5,Low,2025,2025-05,True
2025-06-02,Technology,US,200.09,-0.04122650263376801,244066.0,-0.356,38.7,Medium,2025,2025-06,False
2025-06-04,Technology,US,64.93,-0.0025687353846983937,345862.0,0.293,52.3,Low,2025,2025-06,False
2025-06-05,Finance,US,113.31,0.04024951773927284,734982.0,0.075,55.4,Medium,2025,2025-06,True
2025-06-06,Healthcare,US,247.75,0.033511090723738535,1158457.0,-0.219,57.2,Medium,2025,2025-06,True
2025-06-06,Healthcare,US,161.61,-0.005952004810804022,623871.0,0.534,64.6,Medium,2025,2025-06,False
2025-06-07,Finance,US,52.47,-0.00020935620365214973,328272.0,0.454,74.0,Low,2025,2025-06,False
2025-06-08,Technology,Europe,109.16,0.010857164717263085,217595.0,-0.027,47.7,Medium,2025,2025-06,True
2025-06-09,Finance,Europe,197.67,0.04398537764131297,152951.0,0.204,61.2,Medium,2025,2025-06,True
2025-06-09,Energy,US,92.46,-0.001995186229252972,418886.0,0.07,55.9,Medium,2025,2025-06,False
2025-06-09,Technology,Europe,93.34,-0.03346505451199832,370364.0,0.194,44.3,Low,2025,2025-06,False
2025-06-11,Technology,US,297.6,-0.043185739851354155,299669.0,0.188,51.2,Low,2025,2025-06,False
2025-06-11,Consumer,US,71.9,-0.022515126832246584,216904.0,0.176,84.1,Low,2025,2025-06,False
2025-06-11,Finance,US,62.35,0.017353886515492967,122435.0,-0.07,62.9,High,2025,2025-06,True
2025-06-12,Technology,US,126.03,-0.005561193610926699,370651.0,0.676,79.5,High,2025,2025-06,False
2025-06-12,Finance,US,50.59,0.01786746804980735,212481.0,0.124,57.7,Medium,2025,2025-06,True
2025-06-13,Energy,US,244.47,-0.020129448358094184,854255.0,0.318,64.0,Medium,2025,2025-06,False
2025-06-13,Energy,Europe,131.1,-0.00014463157483758643,553932.0,0.116,45.4,Low,2025,2025-06,False
2025-06-14,Technology,Asia,119.96,-0.0072178248640805435,214531.0,-0.009,51.7,High,2025,2025-06,False
2025-06-15,Finance,Europe,128.05,0.012069671530209677,409030.0,0.597,67.5,Low,2025,2025-06,True
2025-06-15,Energy,Asia,152.94,0.01690315531050839,925429.0,0.121,78.4,High,2025,2025-06,True
2025-06-16,Consumer,Europe,32.78,0.018360558421475274,715013.0,0.445,59.8,High,2025,2025-06,True
2025-06-17,Energy,Asia,182.23,0.002904743095568252,421968.0,-0.058,50.5,Low,2025,2025-06,True
2025-06-19,Finance,Asia,73.01,-0.005444207092263158,455820.0,0.169,52.3,Medium,2025,2025-06,False
2025-06-19,Healthcare,US,99.9,-0.0012624263507026745,556857.0,-0.033,52.0,High,2025,2025-06,False
2025-06-21,Finance,Europe,114.78,-0.006094273728804298,229215.0,0.81,80.8,Medium,2025,2025-06,False
2025-06-22,Finance,Europe,89.14,0.009659986946726175,216745.0,0.292,70.4,High,2025,2025-06,True
2025-06-22,Consumer,US,217.14,0.002282024909366579,983143.0,-0.402,46.9,Low,2025,2025-06,True
2025-06-22,Technology,US,104.48,-0.020852496255762597,1072465.0,-0.075,64.1,Medium,2025,2025-06,False
2025-06-23,Technology,US,96.93,0.005008020433398419,434043.0,-0.106,33.7,Low,2025,2025-06,True
2025-06-23,Consumer,US,45.34,-0.036689055072179066,107848.0,-0.125,55.2,High,2025,2025-06,False
2025-06-27,Consumer,US,118.77,-0.006067238488108769,1188908.0,0.244,64.2,Medium,2025,2025-06,False
2025-06-27,Consumer,US,109.0,0.0093309552771117,221419.0,0.255,63.7,Low,2025,2025-06,True
2025-06-27,Finance,US,53.4,0.016241115220392028,1555613.0,0.157,60.0,Low,2025,2025-06,True
2025-06-28,Consumer,Asia,55.81,-0.01385388643522373,352075.0,-0.175,48.7,Medium,2025,2025-06,False
2025-06-29,Finance,Asia,64.39,-0.00026141301254930404,680775.0,0.048,64.6,High,2025,2025-06,False
2025-06-30,Energy,US,114.7,0.010919079922116812,760424.0,0.602,76.9,Low,2025,2025-06,True
2025-06-30,Energy,US,154.9,0.014950100539961304,571874.0,0.182,57.1,Low,2025,2025-06,True
2025-07-02,Energy,Asia,187.22,0.020143915223406583,209260.0,0.21,45.4,High,2025,2025-07,True
2025-07-03,Consumer,US,57.8,-0.02138224292781534,509871.0,0.262,37.2,High,2025,2025-07,False
2025-07-04,Energy,US,79.7,0.005057585812709367,347592.0,-0.433,42.7,High,2025,2025-07,True
2025-07-04,Technology,US,162.31,-0.020005924809765638,338136.0,0.136,36.9,Low,2025,2025-07,False
2025-07-04,Technology,US,73.84,-0.01471933416085379,787526.0,0.056,10.1,High,2025,2025-07,False
2025-07-04,Technology,Europe,161.97,0.0287323208339758,404135.0,0.023,43.8,Low,2025,2025-07,True
2025-07-07,Consumer,Europe,76.8,0.01435178551444977,483395.0,0.346,50.1,Low,2025,2025-07,True
2025-07-07,Consumer,US,98.42,-0.012610263178049554,724652.0,-0.113,39.5,Medium,2025,2025-07,False
2025-07-07,Technology,US,272.49,-0.011756264300419983,984390.0,-0.139,52.1,Low,2025,2025-07,False
2025-07-08,Finance,Asia,153.47,-0.007587794925191133,542230.0,-0.244,39.9,Low,2025,2025-07,False
2025-07-08,Technology,US,234.07,-0.038283401348711665,316985.0,0.592,59.3,Medium,2025,2025-07,False
2025-07-10,Energy,US,407.03,-0.015427182406033845,249847.0,-0.304,38.3,Medium,2025,2025-07,False
2025-07-10,Technology,US,102.48,0.01185768846992983,122376.0,-0.303,46.3,Medium,2025,2025-07,True
2025-07-11,Energy,US,97.5,0.008234302974446162,101878.0,-0.259,39.9,Medium,2025,2025-07,True
2025-07-11,Healthcare,Europe,119.84,-0.024091872268974128,1224881.0,-0.029,70.6,Medium,2025,2025-07,False
2025-07-12,Healthcare,Europe,116.57,0.010691982726229362,806344.0,0.164,51.5,Medium,2025,2025-07,True
2025-07-13,Consumer,US,208.5,0.007483478220953503,358622.0,-0.542,31.1,Low,2025,2025-07,True
2025-07-13,Energy,US,71.72,-0.009467941282621574,230188.0,0.086,45.5,Medium,2025,2025-07,False
2025-07-17,Technology,US,112.79,-0.0010483510870437163,365692.0,0.015,28.6,Low,2025,2025-07,False
2025-07-17,Technology,US,122.41,-0.0118254652766497,692163.0,-0.214,59.8,High,2025,2025-07,False
2025-07-19,Healthcare,US,62.39,-0.010149177361692505,745847.0,0.176,60.2,Low,2025,2025-07,False
2025-07-20,Healthcare,Europe,128.91,0.003708341874310823,842136.0,-0.258,31.8,Low,2025,2025-07,True
2025-07-21,Technology,Asia,162.72,0.006854603672668068,162608.0,-0.202,41.9,Medium,2025,2025-07,True
2025-07-21,Energy,US,379.93,-0.019586319999352036,718966.0,-0.484,18.3,Low,2025,2025-07,False
2025-07-23,Technology,US,171.65,0.013925786729944437,400354.0,-0.267,70.2,Medium,2025,2025-07,True
2025-07-23,Consumer,US,85.14,-0.005912575659921565,943625.0,-0.12,35.7,Low,2025,2025-07,False
2025-07-23,Finance,US,275.56,-0.004898918805516268,551791.0,-0.258,27.6,Medium,2025,2025-07,False
2025-07-24,Healthcare,Europe,344.45,0.0010004693334301536,368673.0,0.405,58.7,High,2025,2025-07,True
2025-07-25,Consumer,US,190.25,0.004961933954289715,326636.0,-0.372,31.8,Medium,2025,2025-07,True
2025-07-25,Technology,Europe,217.3,0.019062451649180513,493446.0,-0.253,29.6,Low,2025,2025-07,True
2025-07-26,Healthcare,Asia,148.51,-0.004868293522034607,334367.0,0.108,55.6,Medium,2025,2025-07,False
2025-07-26,Technology,Europe,86.75,0.025002399424555857,636231.0,0.113,41.9,Low,2025,2025-07,True
2025-07-27,Healthcare,US,191.1,0.005107399654656142,466903.0,0.943,49.0,High,2025,2025-07,True
2025-07-29,Finance,US,184.98,-0.023113264477174177,650773.0,0.365,62.8,High,2025,2025-07,False
2025-07-30,Consumer,US,256.7,0.046378709852666594,172338.0,0.479,71.4,High,2025,2025-07,True
2025-07-30,Finance,Asia,32.58,-0.009465917143247467,693670.0,-0.319,23.7,Low,2025,2025-07,False
2025-07-30,Energy,Asia,41.85,0.025189342805561572,473458.0,-0.27,32.1,High,2025,2025-07,True
2025-07-30,Technology,US,95.06,0.005712660537062742,1087774.0,0.255,86.2,Medium,2025,2025-07,True
2025-07-31,Technology,US,72.39,-0.035584799681235915,159599.0,0.006,46.6,Medium,2025,2025-07,False
2025-07-31,Energy,US,107.05,0.03220861998620863,267759.0,0.626,82.2,Medium,2025,2025-07,True
2025-08-01,Technology,US,210.99,-0.012979155997842665,481993.0,-0.681,26.5,High,2025,2025-08,False
2025-08-01,Technology,Europe,50.72,0.0038184592852300264,325352.0,0.438,67.4,Low,2025,2025-08,True
2025-08-02,Consumer,US,218.28,-0.021143656336308738,324854.0,-0.369,59.3,Low,2025,2025-08,False
2025-08-03,Healthcare,US,91.79,-0.04243251608893757,808143.0,-0.041,64.5,Medium,2025,2025-08,False
2025-08-05,Finance,US,42.59,0.004439227678971733,400119.0,0.123,64.6,Medium,2025,2025-08,True
2025-08-05,Consumer,Europe,45.69,-0.0010036851425775828,343421.0,0.138,47.6,Low,2025,2025-08,False
2025-08-06,Healthcare,Europe,88.66,-0.0028540164342188076,474703.0,0.672,66.4,Medium,2025,2025-08,False
2025-08-07,Technology,Asia,113.73,-0.006140505278260574,232827.0,-0.337,38.6,Medium,2025,2025-08,False
2025-08-08,Finance,US,89.07,8.259442637518208e-05,665972.0,-0.094,61.7,Medium,2025,2025-08,True
2025-08-09,Consumer,US,51.37,-0.01055318427433954,423568.0,0.233,44.8,Low,2025,2025-08,False
2025-08-09,Consumer,US,80.54,0.013842390714480806,273988.0,0.334,58.9,Medium,2025,2025-08,True
2025-08-10,Consumer,US,148.17,0.008551753046287632,1216345.0,0.207,59.0,Low,2025,2025-08,True
2025-08-11,Technology,Europe,276.21,0.002634499369228084,376292.0,0.014,31.6,Low,2025,2025-08,True
2025-08-11,Finance,Asia,132.81,-0.006372171423465598,669998.0,-0.3,59.6,Medium,2025,2025-08,False
2025-08-12,Energy,US,107.92,0.03389616057127921,160379.0,-0.166,49.7,Medium,2025,2025-08,True
2025-08-13,Healthcare,US,142.36,0.02253787817392133,383203.0,0.166,53.0,High,2025,2025-08,True
2025-08-15,Finance,Europe,164.71,0.026563972437349443,329087.0,0.276,73.6,High,2025,2025-08,True
2025-08-15,Energy,US,80.45,0.01150240556103503,95954.0,-0.32,37.8,Low,2025,2025-08,True
2025-08-16,Finance,US,107.06,-0.013376757200708859,680963.0,-0.265,53.3,High,2025,2025-08,False
2025-08-17,Energy,Europe,169.0,0.010479374114491635,572969.0,0.398,50.0,Medium,2025,2025-08,True
2025-08-17,Finance,Asia,216.74,0.010727078004791396,298377.0,-0.099,66.3,Low,2025,2025-08,True
2025-08-19,Consumer,Europe,42.58,0.007183115031207035,1592024.0,-0.146,47.4,Medium,2025,2025-08,True
2025-08-20,Energy,US,231.59,0.002919098385337972,223892.0,0.63,64.0,Medium,2025,2025-08,True
2025-08-21,Healthcare,Europe,114.31,-0.0015101665404738287,734576.0,-0.119,31.5,Low,2025,2025-08,False
2025-08-22,Healthcare,US,98.94,0.012135659475279134,464818.0,0.189,45.5,Medium,2025,2025-08,True
2025-08-22,Energy,Asia,131.04,-0.046861847996231706,476678.0,0.186,68.0,Medium,2025,2025-08,False
2025-08-22,Technology,Asia,88.41,-0.028836463373061602,376385.0,0.154,45.6,Low,2025,2025-08,False
2025-08-23,Technology,Europe,55.69,0.01331007004515045,718328.0,0.293,60.6,Medium,2025,2025-08,True
2025-08-23,Finance,US,50.64,0.02188798401272318,507996.0,0.434,59.4,Low,2025,2025-08,True
2025-08-24,Technology,Asia,141.99,0.011357581595724545,560361.0,-0.043,53.3,Medium,2025,2025-08,True
2025-08-24,Energy,US,58.65,0.0022761728400746114,646301.0,-0.024,70.5,Medium,2025,2025-08,True
2025-08-25,Technology,US,81.33,0.0030920618108684055,634641.0,-0.061,53.7,Low,2025,2025-08,True
2025-08-28,Energy,US,64.21,0.0009339299897883147,301278.0,-0.077,32.4,Medium,2025,2025-08,True
2025-08-28,Technology,Asia,90.68,0.001528807459177555,139213.0,-0.035,56.6,Medium,2025,2025-08,True
2025-08-29,Technology,Asia,147.14,0.012231040030945904,160126.0,0.016,61.8,Low,2025,2025-08,True
2025-08-29,Finance,US,58.79,0.009040311798864718,437282.0,-0.249,51.5,Low,2025,2025-08,True
2025-08-31,Energy,US,114.92,-0.007629370656418032,150388.0,0.057,66.6,Medium,2025,2025-08,False
2025-08-31,Energy,Europe,484.62,-0.018752822379449353,607765.0,-0.49,43.9,Medium,2025,2025-08,False
2025-09-01,Technology,Asia,67.84,0.020115338743407964,400796.0,0.252,64.2,Medium,2025,2025-09,True
2025-09-01,Technology,US,199.65,-0.007342344799454197,278518.0,0.618,65.0,Medium,2025,2025-09,False
2025-09-01,Consumer,Europe,205.63,-0.007619581327403451,241495.0,0.652,53.6,Low,2025,2025-09,False
2025-09-02,Energy,US,96.83,0.015896852680683915,215146.0,0.617,53.1,Medium,2025,2025-09,True
2025-09-06,Consumer,US,75.49,-0.005143553474231201,357404.0,-0.138,44.3,Low,2025,2025-09,False
2025-09-07,Consumer,US,100.61,-0.008210830234908928,528532.0,0.463,61.6,Medium,2025,2025-09,False
2025-09-08,Consumer,Asia,201.38,-0.007868814793640542,710314.0,0.238,67.5,High,2025,2025-09,False
2025-09-09,Healthcare,Asia,185.24,-0.024427656672167935,170680.0,-0.044,70.1,Medium,2025,2025-09,False
2025-09-10,Finance,US,50.32,0.002798226974972366,272870.0,-0.226,54.7,Medium,2025,2025-09,True
2025-09-11,Healthcare,Asia,165.77,-0.007017363542534225,1005978.0,0.561,71.0,High,2025,2025-09,False
2025-09-11,Energy,US,21.4,-0.017348286964904074,812376.0,-0.159,55.4,High,2025,2025-09,False
2025-09-12,Technology,Europe,126.69,0.03732365421146348,738454.0,0.147,59.6,Medium,2025,2025-09,True
2025-09-12,Technology,US,107.48,0.0013482684816591573,507001.0,-0.194,43.9,Low,2025,2025-09,True
2025-09-12,Consumer,Asia,176.24,0.0025510073025513873,600702.0,0.335,81.5,Low,2025,2025-09,True
2025-09-13,Healthcare,Europe,179.24,0.012166682086387453,381741.0,0.524,65.4,Medium,2025,2025-09,True
2025-09-13,Finance,Europe,132.69,-0.028574505424258854,989653.0,-0.846,24.9,Low,2025,2025-09,False
2025-09-13,Finance,US,155.78,-0.002534169886857792,309512.0,-0.233,53.9,High,2025,2025-09,False
2025-09-14,Technology,US,294.23,0.023591033237673104,366265.0,-0.438,51.5,High,2025,2025-09,True
2025-09-14,Consumer,US,46.09,0.01658944056095632,266770.0,0.01,68.8,Medium,2025,2025-09,True
2025-09-16,Energy,Europe,79.3,0.0003642540197887367,538749.0,0.687,62.3,Low,2025,2025-09,True
2025-09-18,Energy,Asia,202.26,-0.000620334913088779,89284.0,0.336,45.7,High,2025,2025-09,False
2025-09-20,Technology,Europe,108.26,0.05265005969070779,405485.0,0.061,48.1,Medium,2025,2025-09,True
2025-09-21,Healthcare,US,91.2,0.019575180094685774,742434.0,-0.018,57.4,Medium,2025,2025-09,True
2025-09-22,Finance,Europe,88.13,0.021341081322941907,1077669.0,0.203,37.6,Medium,2025,2025-09,True
2025-09-22,Energy,Europe,193.26,-0.0009692178866740283,358008.0,0.582,64.2,High,2025,2025-09,False
2025-09-23,Consumer,US,181.99,0.011305394747704242,291386.0,-0.404,57.9,Low,2025,2025-09,True
2025-09-24,Energy,US,88.86,-0.0008489494200312588,524412.0,-0.807,12.3,Low,2025,2025-09,False
2025-09-27,Energy,Asia,131.18,-0.018406716245978637,325462.0,0.005,46.8,Low,2025,2025-09,False
2025-09-27,Healthcare,Europe,87.56,-0.00043709688640659997,831349.0,-0.456,39.7,Low,2025,2025-09,False
2025-09-28,Energy,Europe,62.76,-0.024803776187601653,351059.0,0.116,50.7,Medium,2025,2025-09,False
2025-10-01,Finance,US,54.32,-0.017342117666266896,509607.0,-0.086,46.6,Medium,2025,2025-10,False
2025-10-01,Energy,Europe,43.06,0.00959132965058307,153576.0,-0.073,65.9,Low,2025,2025-10,True
2025-10-02,Technology,US,196.21,-0.004382042267907222,602875.0,0.294,65.4,High,2025,2025-10,False
2025-10-02,Technology,US,101.35,0.018476318164587117,348298.0,-0.05,66.3,High,2025,2025-10,True
2025-10-02,Technology,US,226.28,0.020364624025005353,782890.0,0.268,69.3,High,2025,2025-10,True
2025-10-03,Energy,Europe,107.38,0.017769093416045965,390102.0,-0.223,46.8,Medium,2025,2025-10,True
2025-10-03,Consumer,US,55.12,0.01733126425098509,388647.0,-0.351,35.8,Medium,2025,2025-10,True
2025-10-03,Technology,Asia,110.18,-0.03169578394378691,420262.0,0.185,50.0,Low,2025,2025-10,False
2025-10-03,Consumer,US,71.26,-0.021765558852954097,625145.0,0.04,42.2,High,2025,2025-10,False
2025-10-05,Technology,Europe,95.61,0.015615043893075355,559805.0,-0.483,31.9,High,2025,2025-10,True
2025-10-05,Consumer,Asia,50.06,-0.03423793374803771,512019.0,0.104,60.4,High,2025,2025-10,False
2025-10-08,Finance,US,64.23,0.03667555476744997,247042.0,-0.371,24.4,Low,2025,2025-10,True
2025-10-08,Energy,US,469.8,-0.006958482705289626,672436.0,-0.211,22.0,Low,2025,2025-10,False
2025-10-08,Healthcare,Asia,40.91,-0.0367402640688117,160583.0,-1.0,22.7,Medium,2025,2025-10,False
2025-10-09,Healthcare,US,48.84,-0.022798253328889365,396006.0,-0.021,53.1,Medium,2025,2025-10,False
2025-10-10,Consumer,US,93.19,0.0014117823911839217,476291.0,0.197,59.5,Medium,2025,2025-10,True
2025-10-10,Consumer,Europe,133.55,0.011782638871807954,283152.0,-1.0,5.0,Low,2025,2025-10,True
2025-10-11,Energy,US,105.83,-0.011979225043004285,945447.0,0.273,48.3,High,2025,2025-10,False
2025-10-12,Finance,Europe,29.87,0.0006966271508350248,339425.0,-0.351,47.6,Medium,2025,2025-10,True
2025-10-13,Energy,Asia,161.16,-0.006017039799550976,213685.0,0.396,68.3,Low,2025,2025-10,False
2025-10-13,Healthcare,US,126.66,-0.005623599378243807,525993.0,0.499,67.5,Medium,2025,2025-10,False
2025-10-13,Energy,US,141.26,0.003098904290760618,185878.0,0.423,57.3,Medium,2025,2025-10,True
2025-10-14,Finance,US,163.94,0.006999207073426796,650205.0,0.295,63.3,Medium,2025,2025-10,True
2025-10-14,Consumer,US,50.92,-0.0016153381898914314,1351932.0,-0.235,38.7,Low,2025,2025-10,False
2025-10-15,Consumer,US,194.63,-0.02154583597958506,544446.0,-0.493,46.2,Medium,2025,2025-10,False
2025-10-16,Consumer,US,65.8,0.0001613980649824157,413785.0,-0.095,51.0,Low,2025,2025-10,True
2025-10-17,Consumer,Europe,48.92,-0.013030373692393345,640651.0,0.038,42.3,High,2025,2025-10,False
2025-10-17,Consumer,US,278.78,-0.009638089065930826,272389.0,0.189,67.5,Low,2025,2025-10,False
2025-10-18,Healthcare,Europe,160.92,-0.02598636888947199,262516.0,-0.042,64.0,Medium,2025,2025-10,False
2025-10-21,Healthcare,Europe,70.44,-0.013484343154630016,380673.0,-0.112,64.6,Medium,2025,2025-10,False
2025-10-21,Energy,Asia,106.19,-0.004188480347124698,569531.0,-0.03,33.2,Medium,2025,2025-10,False
2025-10-22,Healthcare,US,52.41,-0.02807807493086254,371598.0,0.156,50.4,High,2025,2025-10,False
2025-10-23,Technology,Europe,356.88,0.0006057690749650844,375678.0,0.341,67.5,High,2025,2025-10,True
2025-10-24,Energy,US,74.25,-0.0004876188352517271,1113673.0,0.184,64.3,Medium,2025,2025-10,False
2025-10-24,Healthcare,US,69.62,0.0025688821078766483,535132.0,0.409,74.7,Medium,2025,2025-10,True
2025-10-24,Consumer,Asia,151.9,-0.018940765822533373,240671.0,0.249,54.1,Medium,2025,2025-10,False
2025-10-27,Finance,US,117.04,0.021353062924256615,743531.0,0.076,47.6,High,2025,2025-10,True
2025-10-27,Finance,US,74.67,-0.00908500893270784,827790.0,-0.356,22.4,Medium,2025,2025-10,False
2025-10-28,Technology,US,223.72,-0.011194456648238031,264844.0,0.515,74.2,Medium,2025,2025-10,False
2025-10-28,Energy,Asia,112.01,-0.000184622231451935,158923.0,0.174,36.5,Medium,2025,2025-10,False
2025-10-28,Healthcare,US,294.88,0.023003749324156567,318872.0,0.506,65.0,Medium,2025,2025-10,True
2025-10-29,Consumer,Europe,58.87,0.024846712972883735,785534.0,0.253,82.0,Low,2025,2025-10,True
2025-10-29,Energy,Europe,109.63,-0.013055768751160097,398203.0,-0.093,40.2,High,2025,2025-10,False
2025-10-30,Consumer,Asia,155.34,0.0060251739250643975,358034.0,0.249,67.4,Medium,2025,2025-10,True
2025-10-30,Finance,US,295.33,-0.011295875309113516,569351.0,0.105,67.0,Low,2025,2025-10,False
2025-10-31,Consumer,US,60.22,0.003744054883799187,219237.0,-0.181,29.7,Low,2025,2025-10,True
2025-10-31,Consumer,US,53.8,-0.01908447931509439,530209.0,-0.273,47.8,Medium,2025,2025-10,False
2025-10-31,Technology,US,73.0,0.019459562556443696,235341.0,-0.077,39.1,Medium,2025,2025-10,True
2025-10-31,Consumer,US,177.97,0.026662829210468305,348532.0,-0.671,47.5,Medium,2025,2025-10,True
2025-11-01,Healthcare,US,26.14,-0.020228200493122604,190885.0,-0.446,14.3,Low,2025,2025-11,False
2025-11-02,Energy,US,139.95,-0.017730739989684483,360854.0,-0.198,2.6,Medium,2025,2025-11,False
2025-11-02,Energy,Europe,261.43,-0.02340985550380823,304631.0,-0.756,44.9,Medium,2025,2025-11,False
2025-11-02,Consumer,US,95.38,0.011836158187735297,72874.0,0.08,63.5,Low,2025,2025-11,True
2025-11-02,Technology,Asia,122.23,0.021238994739903694,833232.0,-0.216,42.6,Low,2025,2025-11,True
2025-11-02,Energy,Asia,101.22,0.013446649935740794,728675.0,-0.116,59.6,Low,2025,2025-11,True
2025-11-02,Technology,Asia,45.54,0.020748631674750908,703165.0,0.62,84.8,Low,2025,2025-11,True
2025-11-03,Technology,US,106.63,0.011619298133766755,1195169.0,0.089,66.7,High,2025,2025-11,True
2025-11-05,Finance,US,101.98,-0.007344810705788829,170355.0,0.112,47.6,Medium,2025,2025-11,False
2025-11-05,Technology,Europe,237.88,-0.006836350222757365,330173.0,0.155,58.6,High,2025,2025-11,False
2025-11-07,Finance,Europe,66.79,-0.032548526531756605,549046.0,0.11,41.3,Medium,2025,2025-11,False
2025-11-07,Energy,US,65.67,0.008728002089619281,219598.0,0.273,69.5,Medium,2025,2025-11,True
2025-11-08,Healthcare,Europe,479.31,0.006994155629066859,433275.0,-0.173,34.4,Low,2025,2025-11,True
2025-11-10,Healthcare,US,105.97,0.0066065775037424815,279291.0,-0.081,70.5,Medium,2025,2025-11,True
2025-11-10,Consumer,US,204.06,-0.018634487016990085,376853.0,-0.379,19.0,Low,2025,2025-11,False
2025-11-12,Consumer,Asia,67.22,-0.027109901032285486,501941.0,0.188,65.2,Low,2025,2025-11,False
2025-11-12,Energy,Asia,51.33,0.014149687944582582,642094.0,-0.412,58.9,Medium,2025,2025-11,True
2025-11-13,Finance,Europe,197.08,0.004454960918247186,495041.0,0.233,47.1,Low,2025,2025-11,True
2025-11-15,Energy,US,77.21,0.025276106142376513,756148.0,0.353,35.9,Medium,2025,2025-11,True
2025-11-16,Consumer,Asia,80.39,0.0015962651853338606,112135.0,0.019,44.6,Low,2025,2025-11,True
2025-11-16,Finance,US,246.92,0.018059533079823158,343259.0,-0.425,40.0,Medium,2025,2025-11,True
2025-11-17,Energy,US,181.46,-0.014781626937798031,646355.0,0.268,55.7,High,2025,2025-11,False
2025-11-18,Consumer,Europe,82.3,0.00889620318123004,747436.0,0.278,48.5,Low,2025,2025-11,True
2025-11-18,Technology,Europe,128.25,0.013514609335479596,930655.0,0.153,54.6,Medium,2025,2025-11,True
2025-11-18,Finance,Asia,70.6,-0.015062570553892441,599470.0,0.429,83.0,High,2025,2025-11,False
2025-11-19,Consumer,Europe,49.5,0.015870063428458873,1978570.0,-0.299,38.2,Low,2025,2025-11,True
2025-11-20,Energy,Asia,172.84,0.012784235806960953,750671.0,-0.103,29.0,Medium,2025,2025-11,True
2025-11-20,Finance,US,375.01,0.0007002894135936433,417554.0,0.581,71.5,Medium,2025,2025-11,True
2025-11-21,Healthcare,Asia,122.11,0.039435628601393304,203742.0,-0.07,44.3,High,2025,2025-11,True
2025-11-21,Healthcare,Europe,94.89,7.0244040645554e-05,553135.0,-0.196,48.4,Low,2025,2025-11,True
2025-11-26,Consumer,US,44.84,0.0065350962724274615,246871.0,0.136,53.2,Low,2025,2025-11,True
2025-11-27,Technology,US,95.78,0.008522370981689627,830281.0,0.121,48.8,Medium,2025,2025-11,True
2025-11-28,Energy,US,163.95,-0.004949870689857428,444484.0,-0.582,30.0,Medium,2025,2025-11,False
2025-11-28,Finance,US,109.65,-0.00980460419043844,116177.0,-0.135,55.0,Medium,2025,2025-11,False
2025-11-29,Consumer,US,231.02,0.007057222017236129,697594.0,0.04,46.0,Low,2025,2025-11,True
2025-11-29,Energy,US,124.59,-0.012540932448233079,731002.0,0.324,59.9,Low,2025,2025-11,False
2025-11-30,Healthcare,US,104.23,-0.007610494647805465,238933.0,0.747,60.1,Medium,2025,2025-11,False
2025-11-30,Energy,Europe,76.25,0.009059036850198468,318411.0,-0.269,47.6,High,2025,2025-11,True
2025-12-01,Technology,Europe,145.89,-0.0017593718924865144,342181.0,0.237,45.6,Medium,2025,2025-12,False
2025-12-01,Finance,Europe,126.76,-0.0019033090006983775,399689.0,-0.274,41.2,High,2025,2025-12,False
2025-12-01,Consumer,US,67.72,-0.011950598505612442,351463.0,0.112,75.7,Low,2025,2025-12,False
2025-12-01,Healthcare,US,182.95,-0.013543012143768499,485855.0,0.079,58.7,Medium,2025,2025-12,False
2025-12-01,Healthcare,Asia,137.77,-0.01587054833514152,808063.0,0.267,61.8,Medium,2025,2025-12,False
2025-12-01,Consumer,Asia,119.99,-0.02373847229201032,472583.0,0.321,40.1,Medium,2025,2025-12,False
2025-12-02,Healthcare,Asia,125.89,-0.018111719851893363,220723.0,0.168,45.8,Low,2025,2025-12,False
2025-12-05,Finance,Asia,126.85,0.010533329071942,88120.0,0.209,50.0,High,2025,2025-12,True
2025-12-06,Finance,US,85.55,0.021777954387075686,165626.0,-0.305,39.3,Medium,2025,2025-12,True
2025-12-07,Consumer,Asia,101.21,0.018306889279460666,836671.0,0.605,86.2,Medium,2025,2025-12,True
2025-12-07,Technology,Europe,137.77,-0.015223613100511867,242768.0,0.479,76.1,Medium,2025,2025-12,False
2025-12-09,Finance,Europe,81.55,-0.00931355583911852,2970962.0,0.412,47.8,Low,2025,2025-12,False
2025-12-09,Finance,US,95.18,0.021309206891611712,421186.0,0.384,64.8,Low,2025,2025-12,True
2025-12-11,Consumer,Europe,112.21,-0.01582549966864264,573772.0,-0.576,36.4,Low,2025,2025-12,False
2025-12-11,Finance,US,96.09,-0.002903141705522443,604716.0,0.208,57.1,High,2025,2025-12,False
2025-12-11,Consumer,US,118.35,0.029054465203740124,204917.0,0.216,67.2,High,2025,2025-12,True
2025-12-11,Finance,Europe,92.77,-0.005155333886021479,700742.0,0.194,60.3,Low,2025,2025-12,False
2025-12-12,Consumer,Asia,354.58,6.176644906879841e-06,876966.0,0.01,30.3,Medium,2025,2025-12,True
2025-12-12,Finance,US,89.06,0.022396056450026184,1596958.0,0.524,56.1,High,2025,2025-12,True
2025-12-13,Healthcare,Europe,160.06,0.00532645304599376,841557.0,-0.429,38.1,Medium,2025,2025-12,True
2025-12-13,Energy,US,84.07,-0.028522107659273637,394966.0,0.157,58.1,Low,2025,2025-12,False
2025-12-14,Healthcare,US,181.72,-0.015687796653923655,437079.0,-0.454,29.5,Medium,2025,2025-12,False
2025-12-15,Energy,Europe,221.16,-0.002009854380202039,182851.0,0.697,65.1,Low,2025,2025-12,False
2025-12-16,Finance,US,67.98,0.001179140083957909,573525.0,0.291,56.6,Medium,2025,2025-12,True
2025-12-16,Consumer,Europe,62.22,-0.005357083644912413,177211.0,0.564,71.3,Low,2025,2025-12,False
2025-12-16,Energy,US,237.11,-0.014635929999308609,875106.0,0.301,69.7,High,2025,2025-12,False
2025-12-17,Healthcare,US,462.67,-0.005215513407261554,204306.0,-0.181,40.2,Medium,2025,2025-12,False
2025-12-18,Finance,US,49.52,0.0007978973068404969,235379.0,0.262,63.2,Medium,2025,2025-12,True
2025-12-18,Finance,Europe,262.09,0.02287167344482996,799683.0,-0.187,34.0,Medium,2025,2025-12,True
2025-12-18,Finance,Europe,166.16,-0.00998376425398883,584742.0,0.158,58.0,Low,2025,2025-12,False
2025-12-19,Finance,US,125.56,0.019651327099422456,302591.0,-0.204,75.9,Medium,2025,2025-12,True
2025-12-19,Energy,Europe,126.15,-0.00699301882692686,1895923.0,-0.173,69.7,Medium,2025,2025-12,False
2025-12-19,Energy,US,120.38,-0.028570667654194692,1047494.0,-0.157,51.1,Medium,2025,2025-12,False
2025-12-21,Consumer,US,55.57,0.002269359086666462,220108.0,0.07,35.9,High,2025,2025-12,True
2025-12-21,Energy,Asia,62.37,-0.015496935655533136,378070.0,0.261,56.6,Medium,2025,2025-12,False
2025-12-21,Technology,US,152.47,-0.0011673395566004423,1588577.0,-0.287,44.7,Medium,2025,2025-12,False
2025-12-22,Healthcare,Asia,217.69,0.02833565432068041,607575.0,-0.339,41.9,Medium,2025,2025-12,True
2025-12-24,Technology,Europe,115.98,0.03640914204439601,372296.0,0.652,60.1,Medium,2025,2025-12,True
2025-12-25,Technology,US,91.82,0.01231924467936919,231505.0,0.427,72.1,High,2025,2025-12,True
2025-12-26,Healthcare,US,56.75,0.033695073190017896,688994.0,0.249,59.1,Low,2025,2025-12,True
2025-12-26,Healthcare,US,145.6,0.00985340883343827,296479.0,0.756,89.8,Low,2025,2025-12,True
2025-12-30,Energy,US,194.82,-0.016689026866738302,458173.0,0.206,57.9,Low,2025,2025-12,False
2025-12-30,Energy,US,297.95,0.016803536700819036,457421.0,0.078,43.0,High,2025,2025-12,True
2025-12-31,Finance,US,316.89,0.020749954138010757,91892.0,0.016,47.0,Medium,2025,2025-12,True
